2025-11-23 20:07:17,267-__main__-DEBUG:Starting FAANG data retrieval process.
2025-11-23 20:07:17,267-__main__-DEBUG:Archived: 20251123-195022.csv to ./data/archive/20251123-195022.csv
2025-11-23 20:07:17,536-__main__-DEBUG:yFinance Data extraction successful.
2025-11-23 20:07:17,539-__main__-DEBUG:yFinance CSV File 20251123-200717.csv generated in Staging folder.
2025-11-23 20:07:17,539-__main__-DEBUG:yFinance CSV File 20251123-200717.csv moved to data folder.
2025-11-23 20:07:17,539-__main__-DEBUG:FAANG data retrieval process completed.
2025-11-24 17:31:03,969-__main__-ERROR:Test message
2025-11-24 17:31:13,087-__main__-ERROR:Test message
2025-11-24 17:32:07,963-__main__-ERROR:Test message
2025-11-24 17:34:09,506-__main__-ERROR:Test message
2025-11-24 17:34:09,508-__main__-DEBUG:Test message
2025-11-24 17:34:09,508-__main__-WARNING:Test message
2025-11-24 17:34:09,508-__main__-INFO:Test message
2025-11-24 17:36:24,058-__main__-ERROR:Test message
2025-11-24 17:36:24,058-__main__-DEBUG:Test message
2025-11-24 17:36:24,059-__main__-WARNING:Test message
2025-11-24 17:36:24,059-__main__-INFO:Test message
2025-11-24 17:41:09,836-__main__-ERROR:Test message
2025-11-24 17:41:11,169-__main__-DEBUG:Test message
2025-11-24 17:41:12,198-__main__-WARNING:Test message
2025-11-24 17:41:13,238-__main__-INFO:Test message
2025-11-24 17:51:18,619-__main__-ERROR:Test message
2025-11-24 17:51:19,595-__main__-DEBUG:Test message
2025-11-24 17:51:20,390-__main__-WARNING:Test message
2025-11-24 17:51:21,441-__main__-INFO:Test message
2025-11-24 18:00:34,191-__main__-DEBUG:Starting FAANG data retrieval process for META, AAPL, AMZN, NFLX, GOOG with interval '1h' over period '5d'.
2025-11-24 18:00:34,191-__main__-DEBUG:Archived: 20251124-175845.csv to ./data/archive/20251124-175845.csv
2025-11-24 18:00:34,702-__main__-DEBUG:yFinance Data extraction successful.
2025-11-24 18:00:34,705-__main__-DEBUG:yFinance CSV File 20251124-180034.csv generated in Staging folder.
2025-11-24 18:00:34,705-__main__-DEBUG:yFinance CSV File 20251124-180034.csv moved to data folder.
2025-11-24 18:00:34,705-__main__-DEBUG:FAANG data retrieval process completed.
2025-11-24 20:14:25,551-__main__-DEBUG:Starting FAANG data retrieval process for META, AAPL, AMZN, NFLX, GOOG with interval '1h' over period '5d'.
2025-11-24 20:14:25,552-__main__-DEBUG:Archived: 20251124-180034.csv to ./data/archive/20251124-180034.csv
2025-11-24 20:14:26,155-__main__-DEBUG:yFinance Data extraction successful.
2025-11-24 20:14:26,224-__main__-DEBUG:yFinance CSV File 20251124-201426.csv generated in Staging folder.
2025-11-24 20:14:26,224-__main__-DEBUG:yFinance CSV File 20251124-201426.csv moved to data folder.
2025-11-24 20:14:26,224-__main__-DEBUG:FAANG data retrieval process completed.
2025-11-24 20:32:37,270-app_logger-DEBUG:Starting FAANG data retrieval process for META, AAPL, AMZN, NFLX, GOOG with interval '1h' over period '5d'.
2025-11-24 20:32:37,272-app_logger-DEBUG:Archived: 20251124-201426.csv to ./data/archive/20251124-201426.csv
2025-11-24 20:32:37,866-app_logger-DEBUG:yFinance Data extraction successful.
2025-11-24 20:32:37,869-app_logger-DEBUG:yFinance CSV File 20251124-203237.csv generated in Staging folder.
2025-11-24 20:32:37,869-app_logger-DEBUG:yFinance CSV File 20251124-203237.csv moved to data folder.
2025-11-24 20:32:37,869-app_logger-DEBUG:FAANG data retrieval process completed.
2025-12-09 14:35:41,554-app_logger-DEBUG:Starting FAANG data retrieval process for META, AAPL, AMZN, NFLX, GOOG with interval '1h' over period '5d'.
2025-12-09 14:35:41,554-app_logger-DEBUG:Archived: 20251124-203237.csv to ./data/archive/20251124-203237.csv
2025-12-09 14:35:42,147-app_logger-DEBUG:yFinance Data extraction successful.
2025-12-09 14:35:42,156-app_logger-DEBUG:yFinance CSV File 20251209-143542.csv generated in Staging folder.
2025-12-09 14:35:42,156-app_logger-DEBUG:yFinance CSV File 20251209-143542.csv moved to data folder.
2025-12-09 14:35:42,156-app_logger-DEBUG:FAANG data retrieval process completed.
2025-12-09 14:56:17,168-app_logger-DEBUG:Starting FAANG data retrieval process for META, AAPL, AMZN, NFLX, GOOG with interval '1h' over period '5d'.
2025-12-09 14:56:17,603-app_logger-DEBUG:yFinance Data extraction successful.
2025-12-09 14:56:17,609-app_logger-DEBUG:yFinance CSV File 20251209-145617.csv generated in Staging folder.
2025-12-09 14:56:17,609-app_logger-DEBUG:Archived: 20251209-143542.csv to ./data/archive/20251209-143542.csv
2025-12-09 14:56:17,609-app_logger-DEBUG:yFinance CSV File 20251209-145617.csv moved to data folder.
2025-12-09 14:56:17,609-app_logger-DEBUG:FAANG data retrieval process completed.
2025-12-09 14:56:17,613-app_logger-DEBUG:Successfully read the CSV file ./data/20251209-145617.csv
2025-12-09 15:06:09,399-app_logger-DEBUG:Starting FAANG data retrieval process for META, AAPL, AMZN, NFLX, GOOG with interval '1h' over period '5d'.
2025-12-09 15:06:09,927-app_logger-DEBUG:yFinance Data extraction successful.
2025-12-09 15:06:09,930-app_logger-DEBUG:yFinance CSV File 20251209-150609.csv generated in Staging folder.
2025-12-09 15:06:09,931-app_logger-DEBUG:Archived: 20251209-145617.csv to ./data/archive/20251209-145617.csv
2025-12-09 15:06:09,931-app_logger-DEBUG:yFinance CSV File 20251209-150609.csv moved to data folder.
2025-12-09 15:06:09,931-app_logger-DEBUG:FAANG data retrieval process completed.
2025-12-09 15:06:09,934-app_logger-DEBUG:Successfully read the CSV file ./data/20251209-150609.csv
2025-12-09 15:08:14,547-app_logger-DEBUG:Starting FAANG data retrieval process for META, AAPL, AMZN, NFLX, GOOG with interval '1h' over period '5d'.
2025-12-09 15:08:15,077-app_logger-DEBUG:yFinance Data extraction successful.
2025-12-09 15:08:15,081-app_logger-DEBUG:yFinance CSV File 20251209-150815.csv generated in Staging folder.
2025-12-09 15:08:15,082-app_logger-DEBUG:Archived: 20251209-150609.csv to ./data/archive/20251209-150609.csv
2025-12-09 15:08:15,082-app_logger-DEBUG:yFinance CSV File 20251209-150815.csv moved to data folder.
2025-12-09 15:08:15,082-app_logger-DEBUG:FAANG data retrieval process completed.
2025-12-09 15:08:15,085-app_logger-DEBUG:Successfully read the CSV file ./data/20251209-150815.csv
2025-12-09 15:08:15,315-matplotlib.pyplot-DEBUG:Loaded backend agg version v2.2.
2025-12-09 15:08:15,320-matplotlib.font_manager-DEBUG:findfont: Matching sans\-serif:style=normal:variant=normal:weight=normal:stretch=normal:size=10.0.
2025-12-09 15:08:15,320-matplotlib.font_manager-DEBUG:findfont: score(FontEntry(fname='/home/codespace/.local/lib/python3.12/site-packages/matplotlib/mpl-data/fonts/ttf/cmex10.ttf', name='cmex10', style='normal', variant='normal', weight=400, stretch='normal', size='scalable')) = 10.05
2025-12-09 15:08:15,320-matplotlib.font_manager-DEBUG:findfont: score(FontEntry(fname='/home/codespace/.local/lib/python3.12/site-packages/matplotlib/mpl-data/fonts/ttf/DejaVuSansMono-Oblique.ttf', name='DejaVu Sans Mono', style='oblique', variant='normal', weight=400, stretch='normal', size='scalable')) = 11.05
2025-12-09 15:08:15,320-matplotlib.font_manager-DEBUG:findfont: score(FontEntry(fname='/home/codespace/.local/lib/python3.12/site-packages/matplotlib/mpl-data/fonts/ttf/DejaVuSerif-BoldItalic.ttf', name='DejaVu Serif', style='italic', variant='normal', weight=700, stretch='normal', size='scalable')) = 11.335
2025-12-09 15:08:15,320-matplotlib.font_manager-DEBUG:findfont: score(FontEntry(fname='/home/codespace/.local/lib/python3.12/site-packages/matplotlib/mpl-data/fonts/ttf/DejaVuSansMono.ttf', name='DejaVu Sans Mono', style='normal', variant='normal', weight=400, stretch='normal', size='scalable')) = 10.05
2025-12-09 15:08:15,320-matplotlib.font_manager-DEBUG:findfont: score(FontEntry(fname='/home/codespace/.local/lib/python3.12/site-packages/matplotlib/mpl-data/fonts/ttf/cmr10.ttf', name='cmr10', style='normal', variant='normal', weight=400, stretch='normal', size='scalable')) = 10.05
2025-12-09 15:08:15,320-matplotlib.font_manager-DEBUG:findfont: score(FontEntry(fname='/home/codespace/.local/lib/python3.12/site-packages/matplotlib/mpl-data/fonts/ttf/STIXSizOneSymReg.ttf', name='STIXSizeOneSym', style='normal', variant='normal', weight=400, stretch='normal', size='scalable')) = 10.05
2025-12-09 15:08:15,320-matplotlib.font_manager-DEBUG:findfont: score(FontEntry(fname='/home/codespace/.local/lib/python3.12/site-packages/matplotlib/mpl-data/fonts/ttf/STIXSizFiveSymReg.ttf', name='STIXSizeFiveSym', style='normal', variant='normal', weight=400, stretch='normal', size='scalable')) = 10.05
2025-12-09 15:08:15,320-matplotlib.font_manager-DEBUG:findfont: score(FontEntry(fname='/home/codespace/.local/lib/python3.12/site-packages/matplotlib/mpl-data/fonts/ttf/STIXSizFourSymBol.ttf', name='STIXSizeFourSym', style='normal', variant='normal', weight=700, stretch='normal', size='scalable')) = 10.335
2025-12-09 15:08:15,321-matplotlib.font_manager-DEBUG:findfont: score(FontEntry(fname='/home/codespace/.local/lib/python3.12/site-packages/matplotlib/mpl-data/fonts/ttf/STIXNonUni.ttf', name='STIXNonUnicode', style='normal', variant='normal', weight=400, stretch='normal', size='scalable')) = 10.05
2025-12-09 15:08:15,321-matplotlib.font_manager-DEBUG:findfont: score(FontEntry(fname='/home/codespace/.local/lib/python3.12/site-packages/matplotlib/mpl-data/fonts/ttf/DejaVuSerifDisplay.ttf', name='DejaVu Serif Display', style='normal', variant='normal', weight=400, stretch='normal', size='scalable')) = 10.05
2025-12-09 15:08:15,321-matplotlib.font_manager-DEBUG:findfont: score(FontEntry(fname='/home/codespace/.local/lib/python3.12/site-packages/matplotlib/mpl-data/fonts/ttf/DejaVuSans-Bold.ttf', name='DejaVu Sans', style='normal', variant='normal', weight=700, stretch='normal', size='scalable')) = 0.33499999999999996
2025-12-09 15:08:15,321-matplotlib.font_manager-DEBUG:findfont: score(FontEntry(fname='/home/codespace/.local/lib/python3.12/site-packages/matplotlib/mpl-data/fonts/ttf/STIXGeneralItalic.ttf', name='STIXGeneral', style='italic', variant='normal', weight=400, stretch='normal', size='scalable')) = 11.05
2025-12-09 15:08:15,321-matplotlib.font_manager-DEBUG:findfont: score(FontEntry(fname='/home/codespace/.local/lib/python3.12/site-packages/matplotlib/mpl-data/fonts/ttf/STIXNonUniIta.ttf', name='STIXNonUnicode', style='italic', variant='normal', weight=400, stretch='normal', size='scalable')) = 11.05
2025-12-09 15:08:15,321-matplotlib.font_manager-DEBUG:findfont: score(FontEntry(fname='/home/codespace/.local/lib/python3.12/site-packages/matplotlib/mpl-data/fonts/ttf/DejaVuSerif-Italic.ttf', name='DejaVu Serif', style='italic', variant='normal', weight=400, stretch='normal', size='scalable')) = 11.05
2025-12-09 15:08:15,321-matplotlib.font_manager-DEBUG:findfont: score(FontEntry(fname='/home/codespace/.local/lib/python3.12/site-packages/matplotlib/mpl-data/fonts/ttf/STIXGeneralBolIta.ttf', name='STIXGeneral', style='italic', variant='normal', weight=700, stretch='normal', size='scalable')) = 11.335
2025-12-09 15:08:15,321-matplotlib.font_manager-DEBUG:findfont: score(FontEntry(fname='/home/codespace/.local/lib/python3.12/site-packages/matplotlib/mpl-data/fonts/ttf/cmb10.ttf', name='cmb10', style='normal', variant='normal', weight=400, stretch='normal', size='scalable')) = 10.05
2025-12-09 15:08:15,321-matplotlib.font_manager-DEBUG:findfont: score(FontEntry(fname='/home/codespace/.local/lib/python3.12/site-packages/matplotlib/mpl-data/fonts/ttf/STIXNonUniBolIta.ttf', name='STIXNonUnicode', style='italic', variant='normal', weight=700, stretch='normal', size='scalable')) = 11.335
2025-12-09 15:08:15,321-matplotlib.font_manager-DEBUG:findfont: score(FontEntry(fname='/home/codespace/.local/lib/python3.12/site-packages/matplotlib/mpl-data/fonts/ttf/DejaVuSansMono-Bold.ttf', name='DejaVu Sans Mono', style='normal', variant='normal', weight=700, stretch='normal', size='scalable')) = 10.335
2025-12-09 15:08:15,321-matplotlib.font_manager-DEBUG:findfont: score(FontEntry(fname='/home/codespace/.local/lib/python3.12/site-packages/matplotlib/mpl-data/fonts/ttf/STIXSizThreeSymReg.ttf', name='STIXSizeThreeSym', style='normal', variant='normal', weight=400, stretch='normal', size='scalable')) = 10.05
2025-12-09 15:08:15,321-matplotlib.font_manager-DEBUG:findfont: score(FontEntry(fname='/home/codespace/.local/lib/python3.12/site-packages/matplotlib/mpl-data/fonts/ttf/cmmi10.ttf', name='cmmi10', style='normal', variant='normal', weight=400, stretch='normal', size='scalable')) = 10.05
2025-12-09 15:08:15,321-matplotlib.font_manager-DEBUG:findfont: score(FontEntry(fname='/home/codespace/.local/lib/python3.12/site-packages/matplotlib/mpl-data/fonts/ttf/STIXGeneral.ttf', name='STIXGeneral', style='normal', variant='normal', weight=400, stretch='normal', size='scalable')) = 10.05
2025-12-09 15:08:15,321-matplotlib.font_manager-DEBUG:findfont: score(FontEntry(fname='/home/codespace/.local/lib/python3.12/site-packages/matplotlib/mpl-data/fonts/ttf/DejaVuSerif-Bold.ttf', name='DejaVu Serif', style='normal', variant='normal', weight=700, stretch='normal', size='scalable')) = 10.335
2025-12-09 15:08:15,321-matplotlib.font_manager-DEBUG:findfont: score(FontEntry(fname='/home/codespace/.local/lib/python3.12/site-packages/matplotlib/mpl-data/fonts/ttf/STIXSizTwoSymBol.ttf', name='STIXSizeTwoSym', style='normal', variant='normal', weight=700, stretch='normal', size='scalable')) = 10.335
2025-12-09 15:08:15,321-matplotlib.font_manager-DEBUG:findfont: score(FontEntry(fname='/home/codespace/.local/lib/python3.12/site-packages/matplotlib/mpl-data/fonts/ttf/DejaVuSerif.ttf', name='DejaVu Serif', style='normal', variant='normal', weight=400, stretch='normal', size='scalable')) = 10.05
2025-12-09 15:08:15,322-matplotlib.font_manager-DEBUG:findfont: score(FontEntry(fname='/home/codespace/.local/lib/python3.12/site-packages/matplotlib/mpl-data/fonts/ttf/STIXSizThreeSymBol.ttf', name='STIXSizeThreeSym', style='normal', variant='normal', weight=700, stretch='normal', size='scalable')) = 10.335
2025-12-09 15:08:15,322-matplotlib.font_manager-DEBUG:findfont: score(FontEntry(fname='/home/codespace/.local/lib/python3.12/site-packages/matplotlib/mpl-data/fonts/ttf/cmsy10.ttf', name='cmsy10', style='normal', variant='normal', weight=400, stretch='normal', size='scalable')) = 10.05
2025-12-09 15:08:15,322-matplotlib.font_manager-DEBUG:findfont: score(FontEntry(fname='/home/codespace/.local/lib/python3.12/site-packages/matplotlib/mpl-data/fonts/ttf/DejaVuSansMono-BoldOblique.ttf', name='DejaVu Sans Mono', style='oblique', variant='normal', weight=700, stretch='normal', size='scalable')) = 11.335
2025-12-09 15:08:15,322-matplotlib.font_manager-DEBUG:findfont: score(FontEntry(fname='/home/codespace/.local/lib/python3.12/site-packages/matplotlib/mpl-data/fonts/ttf/DejaVuSansDisplay.ttf', name='DejaVu Sans Display', style='normal', variant='normal', weight=400, stretch='normal', size='scalable')) = 10.05
2025-12-09 15:08:15,322-matplotlib.font_manager-DEBUG:findfont: score(FontEntry(fname='/home/codespace/.local/lib/python3.12/site-packages/matplotlib/mpl-data/fonts/ttf/DejaVuSans-Oblique.ttf', name='DejaVu Sans', style='oblique', variant='normal', weight=400, stretch='normal', size='scalable')) = 1.05
2025-12-09 15:08:15,322-matplotlib.font_manager-DEBUG:findfont: score(FontEntry(fname='/home/codespace/.local/lib/python3.12/site-packages/matplotlib/mpl-data/fonts/ttf/STIXGeneralBol.ttf', name='STIXGeneral', style='normal', variant='normal', weight=700, stretch='normal', size='scalable')) = 10.335
2025-12-09 15:08:15,322-matplotlib.font_manager-DEBUG:findfont: score(FontEntry(fname='/home/codespace/.local/lib/python3.12/site-packages/matplotlib/mpl-data/fonts/ttf/DejaVuSans.ttf', name='DejaVu Sans', style='normal', variant='normal', weight=400, stretch='normal', size='scalable')) = 0.05
2025-12-09 15:08:15,322-matplotlib.font_manager-DEBUG:findfont: score(FontEntry(fname='/home/codespace/.local/lib/python3.12/site-packages/matplotlib/mpl-data/fonts/ttf/STIXSizFourSymReg.ttf', name='STIXSizeFourSym', style='normal', variant='normal', weight=400, stretch='normal', size='scalable')) = 10.05
2025-12-09 15:08:15,322-matplotlib.font_manager-DEBUG:findfont: score(FontEntry(fname='/home/codespace/.local/lib/python3.12/site-packages/matplotlib/mpl-data/fonts/ttf/cmss10.ttf', name='cmss10', style='normal', variant='normal', weight=400, stretch='normal', size='scalable')) = 10.05
2025-12-09 15:08:15,322-matplotlib.font_manager-DEBUG:findfont: score(FontEntry(fname='/home/codespace/.local/lib/python3.12/site-packages/matplotlib/mpl-data/fonts/ttf/cmtt10.ttf', name='cmtt10', style='normal', variant='normal', weight=400, stretch='normal', size='scalable')) = 10.05
2025-12-09 15:08:15,322-matplotlib.font_manager-DEBUG:findfont: score(FontEntry(fname='/home/codespace/.local/lib/python3.12/site-packages/matplotlib/mpl-data/fonts/ttf/STIXSizTwoSymReg.ttf', name='STIXSizeTwoSym', style='normal', variant='normal', weight=400, stretch='normal', size='scalable')) = 10.05
2025-12-09 15:08:15,322-matplotlib.font_manager-DEBUG:findfont: score(FontEntry(fname='/home/codespace/.local/lib/python3.12/site-packages/matplotlib/mpl-data/fonts/ttf/STIXNonUniBol.ttf', name='STIXNonUnicode', style='normal', variant='normal', weight=700, stretch='normal', size='scalable')) = 10.335
2025-12-09 15:08:15,322-matplotlib.font_manager-DEBUG:findfont: score(FontEntry(fname='/home/codespace/.local/lib/python3.12/site-packages/matplotlib/mpl-data/fonts/ttf/STIXSizOneSymBol.ttf', name='STIXSizeOneSym', style='normal', variant='normal', weight=700, stretch='normal', size='scalable')) = 10.335
2025-12-09 15:08:15,322-matplotlib.font_manager-DEBUG:findfont: score(FontEntry(fname='/home/codespace/.local/lib/python3.12/site-packages/matplotlib/mpl-data/fonts/ttf/DejaVuSans-BoldOblique.ttf', name='DejaVu Sans', style='oblique', variant='normal', weight=700, stretch='normal', size='scalable')) = 1.335
2025-12-09 15:08:15,322-matplotlib.font_manager-DEBUG:findfont: score(FontEntry(fname='/usr/share/fonts/truetype/dejavu/DejaVuSansMono-BoldOblique.ttf', name='DejaVu Sans Mono', style='oblique', variant='normal', weight=700, stretch='normal', size='scalable')) = 11.335
2025-12-09 15:08:15,322-matplotlib.font_manager-DEBUG:findfont: score(FontEntry(fname='/usr/share/fonts/truetype/dejavu/DejaVuSans-Bold.ttf', name='DejaVu Sans', style='normal', variant='normal', weight=700, stretch='normal', size='scalable')) = 0.33499999999999996
2025-12-09 15:08:15,323-matplotlib.font_manager-DEBUG:findfont: score(FontEntry(fname='/usr/share/fonts/truetype/dejavu/DejaVuSansMono-Bold.ttf', name='DejaVu Sans Mono', style='normal', variant='normal', weight=700, stretch='normal', size='scalable')) = 10.335
2025-12-09 15:08:15,323-matplotlib.font_manager-DEBUG:findfont: score(FontEntry(fname='/usr/share/fonts/truetype/dejavu/DejaVuSans.ttf', name='DejaVu Sans', style='normal', variant='normal', weight=400, stretch='normal', size='scalable')) = 0.05
2025-12-09 15:08:15,323-matplotlib.font_manager-DEBUG:findfont: score(FontEntry(fname='/usr/share/fonts/truetype/dejavu/DejaVuSerif-Bold.ttf', name='DejaVu Serif', style='normal', variant='normal', weight=700, stretch='normal', size='scalable')) = 10.335
2025-12-09 15:08:15,323-matplotlib.font_manager-DEBUG:findfont: score(FontEntry(fname='/usr/share/fonts/truetype/dejavu/DejaVuSansMono-Oblique.ttf', name='DejaVu Sans Mono', style='oblique', variant='normal', weight=400, stretch='normal', size='scalable')) = 11.05
2025-12-09 15:08:15,323-matplotlib.font_manager-DEBUG:findfont: score(FontEntry(fname='/usr/share/fonts/truetype/dejavu/DejaVuSansMono.ttf', name='DejaVu Sans Mono', style='normal', variant='normal', weight=400, stretch='normal', size='scalable')) = 10.05
2025-12-09 15:08:15,323-matplotlib.font_manager-DEBUG:findfont: score(FontEntry(fname='/usr/share/fonts/truetype/dejavu/DejaVuSerif.ttf', name='DejaVu Serif', style='normal', variant='normal', weight=400, stretch='normal', size='scalable')) = 10.05
2025-12-09 15:08:15,323-matplotlib.font_manager-DEBUG:findfont: Matching sans\-serif:style=normal:variant=normal:weight=normal:stretch=normal:size=10.0 to DejaVu Sans ('/home/codespace/.local/lib/python3.12/site-packages/matplotlib/mpl-data/fonts/ttf/DejaVuSans.ttf') with score of 0.050000.
2025-12-09 15:08:15,333-matplotlib.category-INFO:Using categorical units to plot a list of strings that are all parsable as floats or dates. If these strings should be plotted as numbers, cast to the appropriate data type before plotting.
2025-12-09 15:08:15,336-matplotlib.category-INFO:Using categorical units to plot a list of strings that are all parsable as floats or dates. If these strings should be plotted as numbers, cast to the appropriate data type before plotting.
2025-12-09 15:08:15,338-matplotlib.category-INFO:Using categorical units to plot a list of strings that are all parsable as floats or dates. If these strings should be plotted as numbers, cast to the appropriate data type before plotting.
2025-12-09 15:08:15,340-matplotlib.category-INFO:Using categorical units to plot a list of strings that are all parsable as floats or dates. If these strings should be plotted as numbers, cast to the appropriate data type before plotting.
2025-12-09 15:08:15,343-matplotlib.category-INFO:Using categorical units to plot a list of strings that are all parsable as floats or dates. If these strings should be plotted as numbers, cast to the appropriate data type before plotting.
2025-12-09 15:08:15,345-matplotlib.category-INFO:Using categorical units to plot a list of strings that are all parsable as floats or dates. If these strings should be plotted as numbers, cast to the appropriate data type before plotting.
2025-12-09 15:08:15,347-matplotlib.category-INFO:Using categorical units to plot a list of strings that are all parsable as floats or dates. If these strings should be plotted as numbers, cast to the appropriate data type before plotting.
2025-12-09 15:08:15,349-matplotlib.category-INFO:Using categorical units to plot a list of strings that are all parsable as floats or dates. If these strings should be plotted as numbers, cast to the appropriate data type before plotting.
2025-12-09 15:08:15,352-matplotlib.category-INFO:Using categorical units to plot a list of strings that are all parsable as floats or dates. If these strings should be plotted as numbers, cast to the appropriate data type before plotting.
2025-12-09 15:08:15,355-matplotlib.category-INFO:Using categorical units to plot a list of strings that are all parsable as floats or dates. If these strings should be plotted as numbers, cast to the appropriate data type before plotting.
2025-12-09 15:08:15,593-matplotlib.font_manager-DEBUG:findfont: Matching sans\-serif:style=normal:variant=normal:weight=normal:stretch=normal:size=12.0.
2025-12-09 15:08:15,593-matplotlib.font_manager-DEBUG:findfont: score(FontEntry(fname='/home/codespace/.local/lib/python3.12/site-packages/matplotlib/mpl-data/fonts/ttf/cmex10.ttf', name='cmex10', style='normal', variant='normal', weight=400, stretch='normal', size='scalable')) = 10.05
2025-12-09 15:08:15,593-matplotlib.font_manager-DEBUG:findfont: score(FontEntry(fname='/home/codespace/.local/lib/python3.12/site-packages/matplotlib/mpl-data/fonts/ttf/DejaVuSansMono-Oblique.ttf', name='DejaVu Sans Mono', style='oblique', variant='normal', weight=400, stretch='normal', size='scalable')) = 11.05
2025-12-09 15:08:15,594-matplotlib.font_manager-DEBUG:findfont: score(FontEntry(fname='/home/codespace/.local/lib/python3.12/site-packages/matplotlib/mpl-data/fonts/ttf/DejaVuSerif-BoldItalic.ttf', name='DejaVu Serif', style='italic', variant='normal', weight=700, stretch='normal', size='scalable')) = 11.335
2025-12-09 15:08:15,594-matplotlib.font_manager-DEBUG:findfont: score(FontEntry(fname='/home/codespace/.local/lib/python3.12/site-packages/matplotlib/mpl-data/fonts/ttf/DejaVuSansMono.ttf', name='DejaVu Sans Mono', style='normal', variant='normal', weight=400, stretch='normal', size='scalable')) = 10.05
2025-12-09 15:08:15,594-matplotlib.font_manager-DEBUG:findfont: score(FontEntry(fname='/home/codespace/.local/lib/python3.12/site-packages/matplotlib/mpl-data/fonts/ttf/cmr10.ttf', name='cmr10', style='normal', variant='normal', weight=400, stretch='normal', size='scalable')) = 10.05
2025-12-09 15:08:15,594-matplotlib.font_manager-DEBUG:findfont: score(FontEntry(fname='/home/codespace/.local/lib/python3.12/site-packages/matplotlib/mpl-data/fonts/ttf/STIXSizOneSymReg.ttf', name='STIXSizeOneSym', style='normal', variant='normal', weight=400, stretch='normal', size='scalable')) = 10.05
2025-12-09 15:08:15,594-matplotlib.font_manager-DEBUG:findfont: score(FontEntry(fname='/home/codespace/.local/lib/python3.12/site-packages/matplotlib/mpl-data/fonts/ttf/STIXSizFiveSymReg.ttf', name='STIXSizeFiveSym', style='normal', variant='normal', weight=400, stretch='normal', size='scalable')) = 10.05
2025-12-09 15:08:15,594-matplotlib.font_manager-DEBUG:findfont: score(FontEntry(fname='/home/codespace/.local/lib/python3.12/site-packages/matplotlib/mpl-data/fonts/ttf/STIXSizFourSymBol.ttf', name='STIXSizeFourSym', style='normal', variant='normal', weight=700, stretch='normal', size='scalable')) = 10.335
2025-12-09 15:08:15,594-matplotlib.font_manager-DEBUG:findfont: score(FontEntry(fname='/home/codespace/.local/lib/python3.12/site-packages/matplotlib/mpl-data/fonts/ttf/STIXNonUni.ttf', name='STIXNonUnicode', style='normal', variant='normal', weight=400, stretch='normal', size='scalable')) = 10.05
2025-12-09 15:08:15,594-matplotlib.font_manager-DEBUG:findfont: score(FontEntry(fname='/home/codespace/.local/lib/python3.12/site-packages/matplotlib/mpl-data/fonts/ttf/DejaVuSerifDisplay.ttf', name='DejaVu Serif Display', style='normal', variant='normal', weight=400, stretch='normal', size='scalable')) = 10.05
2025-12-09 15:08:15,594-matplotlib.font_manager-DEBUG:findfont: score(FontEntry(fname='/home/codespace/.local/lib/python3.12/site-packages/matplotlib/mpl-data/fonts/ttf/DejaVuSans-Bold.ttf', name='DejaVu Sans', style='normal', variant='normal', weight=700, stretch='normal', size='scalable')) = 0.33499999999999996
2025-12-09 15:08:15,594-matplotlib.font_manager-DEBUG:findfont: score(FontEntry(fname='/home/codespace/.local/lib/python3.12/site-packages/matplotlib/mpl-data/fonts/ttf/STIXGeneralItalic.ttf', name='STIXGeneral', style='italic', variant='normal', weight=400, stretch='normal', size='scalable')) = 11.05
2025-12-09 15:08:15,594-matplotlib.font_manager-DEBUG:findfont: score(FontEntry(fname='/home/codespace/.local/lib/python3.12/site-packages/matplotlib/mpl-data/fonts/ttf/STIXNonUniIta.ttf', name='STIXNonUnicode', style='italic', variant='normal', weight=400, stretch='normal', size='scalable')) = 11.05
2025-12-09 15:08:15,594-matplotlib.font_manager-DEBUG:findfont: score(FontEntry(fname='/home/codespace/.local/lib/python3.12/site-packages/matplotlib/mpl-data/fonts/ttf/DejaVuSerif-Italic.ttf', name='DejaVu Serif', style='italic', variant='normal', weight=400, stretch='normal', size='scalable')) = 11.05
2025-12-09 15:08:15,594-matplotlib.font_manager-DEBUG:findfont: score(FontEntry(fname='/home/codespace/.local/lib/python3.12/site-packages/matplotlib/mpl-data/fonts/ttf/STIXGeneralBolIta.ttf', name='STIXGeneral', style='italic', variant='normal', weight=700, stretch='normal', size='scalable')) = 11.335
2025-12-09 15:08:15,594-matplotlib.font_manager-DEBUG:findfont: score(FontEntry(fname='/home/codespace/.local/lib/python3.12/site-packages/matplotlib/mpl-data/fonts/ttf/cmb10.ttf', name='cmb10', style='normal', variant='normal', weight=400, stretch='normal', size='scalable')) = 10.05
2025-12-09 15:08:15,594-matplotlib.font_manager-DEBUG:findfont: score(FontEntry(fname='/home/codespace/.local/lib/python3.12/site-packages/matplotlib/mpl-data/fonts/ttf/STIXNonUniBolIta.ttf', name='STIXNonUnicode', style='italic', variant='normal', weight=700, stretch='normal', size='scalable')) = 11.335
2025-12-09 15:08:15,594-matplotlib.font_manager-DEBUG:findfont: score(FontEntry(fname='/home/codespace/.local/lib/python3.12/site-packages/matplotlib/mpl-data/fonts/ttf/DejaVuSansMono-Bold.ttf', name='DejaVu Sans Mono', style='normal', variant='normal', weight=700, stretch='normal', size='scalable')) = 10.335
2025-12-09 15:08:15,595-matplotlib.font_manager-DEBUG:findfont: score(FontEntry(fname='/home/codespace/.local/lib/python3.12/site-packages/matplotlib/mpl-data/fonts/ttf/STIXSizThreeSymReg.ttf', name='STIXSizeThreeSym', style='normal', variant='normal', weight=400, stretch='normal', size='scalable')) = 10.05
2025-12-09 15:08:15,595-matplotlib.font_manager-DEBUG:findfont: score(FontEntry(fname='/home/codespace/.local/lib/python3.12/site-packages/matplotlib/mpl-data/fonts/ttf/cmmi10.ttf', name='cmmi10', style='normal', variant='normal', weight=400, stretch='normal', size='scalable')) = 10.05
2025-12-09 15:08:15,595-matplotlib.font_manager-DEBUG:findfont: score(FontEntry(fname='/home/codespace/.local/lib/python3.12/site-packages/matplotlib/mpl-data/fonts/ttf/STIXGeneral.ttf', name='STIXGeneral', style='normal', variant='normal', weight=400, stretch='normal', size='scalable')) = 10.05
2025-12-09 15:08:15,595-matplotlib.font_manager-DEBUG:findfont: score(FontEntry(fname='/home/codespace/.local/lib/python3.12/site-packages/matplotlib/mpl-data/fonts/ttf/DejaVuSerif-Bold.ttf', name='DejaVu Serif', style='normal', variant='normal', weight=700, stretch='normal', size='scalable')) = 10.335
2025-12-09 15:08:15,595-matplotlib.font_manager-DEBUG:findfont: score(FontEntry(fname='/home/codespace/.local/lib/python3.12/site-packages/matplotlib/mpl-data/fonts/ttf/STIXSizTwoSymBol.ttf', name='STIXSizeTwoSym', style='normal', variant='normal', weight=700, stretch='normal', size='scalable')) = 10.335
2025-12-09 15:08:15,595-matplotlib.font_manager-DEBUG:findfont: score(FontEntry(fname='/home/codespace/.local/lib/python3.12/site-packages/matplotlib/mpl-data/fonts/ttf/DejaVuSerif.ttf', name='DejaVu Serif', style='normal', variant='normal', weight=400, stretch='normal', size='scalable')) = 10.05
2025-12-09 15:08:15,595-matplotlib.font_manager-DEBUG:findfont: score(FontEntry(fname='/home/codespace/.local/lib/python3.12/site-packages/matplotlib/mpl-data/fonts/ttf/STIXSizThreeSymBol.ttf', name='STIXSizeThreeSym', style='normal', variant='normal', weight=700, stretch='normal', size='scalable')) = 10.335
2025-12-09 15:08:15,595-matplotlib.font_manager-DEBUG:findfont: score(FontEntry(fname='/home/codespace/.local/lib/python3.12/site-packages/matplotlib/mpl-data/fonts/ttf/cmsy10.ttf', name='cmsy10', style='normal', variant='normal', weight=400, stretch='normal', size='scalable')) = 10.05
2025-12-09 15:08:15,595-matplotlib.font_manager-DEBUG:findfont: score(FontEntry(fname='/home/codespace/.local/lib/python3.12/site-packages/matplotlib/mpl-data/fonts/ttf/DejaVuSansMono-BoldOblique.ttf', name='DejaVu Sans Mono', style='oblique', variant='normal', weight=700, stretch='normal', size='scalable')) = 11.335
2025-12-09 15:08:15,595-matplotlib.font_manager-DEBUG:findfont: score(FontEntry(fname='/home/codespace/.local/lib/python3.12/site-packages/matplotlib/mpl-data/fonts/ttf/DejaVuSansDisplay.ttf', name='DejaVu Sans Display', style='normal', variant='normal', weight=400, stretch='normal', size='scalable')) = 10.05
2025-12-09 15:08:15,595-matplotlib.font_manager-DEBUG:findfont: score(FontEntry(fname='/home/codespace/.local/lib/python3.12/site-packages/matplotlib/mpl-data/fonts/ttf/DejaVuSans-Oblique.ttf', name='DejaVu Sans', style='oblique', variant='normal', weight=400, stretch='normal', size='scalable')) = 1.05
2025-12-09 15:08:15,595-matplotlib.font_manager-DEBUG:findfont: score(FontEntry(fname='/home/codespace/.local/lib/python3.12/site-packages/matplotlib/mpl-data/fonts/ttf/STIXGeneralBol.ttf', name='STIXGeneral', style='normal', variant='normal', weight=700, stretch='normal', size='scalable')) = 10.335
2025-12-09 15:08:15,595-matplotlib.font_manager-DEBUG:findfont: score(FontEntry(fname='/home/codespace/.local/lib/python3.12/site-packages/matplotlib/mpl-data/fonts/ttf/DejaVuSans.ttf', name='DejaVu Sans', style='normal', variant='normal', weight=400, stretch='normal', size='scalable')) = 0.05
2025-12-09 15:08:15,595-matplotlib.font_manager-DEBUG:findfont: score(FontEntry(fname='/home/codespace/.local/lib/python3.12/site-packages/matplotlib/mpl-data/fonts/ttf/STIXSizFourSymReg.ttf', name='STIXSizeFourSym', style='normal', variant='normal', weight=400, stretch='normal', size='scalable')) = 10.05
2025-12-09 15:08:15,595-matplotlib.font_manager-DEBUG:findfont: score(FontEntry(fname='/home/codespace/.local/lib/python3.12/site-packages/matplotlib/mpl-data/fonts/ttf/cmss10.ttf', name='cmss10', style='normal', variant='normal', weight=400, stretch='normal', size='scalable')) = 10.05
2025-12-09 15:08:15,595-matplotlib.font_manager-DEBUG:findfont: score(FontEntry(fname='/home/codespace/.local/lib/python3.12/site-packages/matplotlib/mpl-data/fonts/ttf/cmtt10.ttf', name='cmtt10', style='normal', variant='normal', weight=400, stretch='normal', size='scalable')) = 10.05
2025-12-09 15:08:15,596-matplotlib.font_manager-DEBUG:findfont: score(FontEntry(fname='/home/codespace/.local/lib/python3.12/site-packages/matplotlib/mpl-data/fonts/ttf/STIXSizTwoSymReg.ttf', name='STIXSizeTwoSym', style='normal', variant='normal', weight=400, stretch='normal', size='scalable')) = 10.05
2025-12-09 15:08:15,596-matplotlib.font_manager-DEBUG:findfont: score(FontEntry(fname='/home/codespace/.local/lib/python3.12/site-packages/matplotlib/mpl-data/fonts/ttf/STIXNonUniBol.ttf', name='STIXNonUnicode', style='normal', variant='normal', weight=700, stretch='normal', size='scalable')) = 10.335
2025-12-09 15:08:15,596-matplotlib.font_manager-DEBUG:findfont: score(FontEntry(fname='/home/codespace/.local/lib/python3.12/site-packages/matplotlib/mpl-data/fonts/ttf/STIXSizOneSymBol.ttf', name='STIXSizeOneSym', style='normal', variant='normal', weight=700, stretch='normal', size='scalable')) = 10.335
2025-12-09 15:08:15,596-matplotlib.font_manager-DEBUG:findfont: score(FontEntry(fname='/home/codespace/.local/lib/python3.12/site-packages/matplotlib/mpl-data/fonts/ttf/DejaVuSans-BoldOblique.ttf', name='DejaVu Sans', style='oblique', variant='normal', weight=700, stretch='normal', size='scalable')) = 1.335
2025-12-09 15:08:15,596-matplotlib.font_manager-DEBUG:findfont: score(FontEntry(fname='/usr/share/fonts/truetype/dejavu/DejaVuSansMono-BoldOblique.ttf', name='DejaVu Sans Mono', style='oblique', variant='normal', weight=700, stretch='normal', size='scalable')) = 11.335
2025-12-09 15:08:15,596-matplotlib.font_manager-DEBUG:findfont: score(FontEntry(fname='/usr/share/fonts/truetype/dejavu/DejaVuSans-Bold.ttf', name='DejaVu Sans', style='normal', variant='normal', weight=700, stretch='normal', size='scalable')) = 0.33499999999999996
2025-12-09 15:08:15,596-matplotlib.font_manager-DEBUG:findfont: score(FontEntry(fname='/usr/share/fonts/truetype/dejavu/DejaVuSansMono-Bold.ttf', name='DejaVu Sans Mono', style='normal', variant='normal', weight=700, stretch='normal', size='scalable')) = 10.335
2025-12-09 15:08:15,596-matplotlib.font_manager-DEBUG:findfont: score(FontEntry(fname='/usr/share/fonts/truetype/dejavu/DejaVuSans.ttf', name='DejaVu Sans', style='normal', variant='normal', weight=400, stretch='normal', size='scalable')) = 0.05
2025-12-09 15:08:15,596-matplotlib.font_manager-DEBUG:findfont: score(FontEntry(fname='/usr/share/fonts/truetype/dejavu/DejaVuSerif-Bold.ttf', name='DejaVu Serif', style='normal', variant='normal', weight=700, stretch='normal', size='scalable')) = 10.335
2025-12-09 15:08:15,596-matplotlib.font_manager-DEBUG:findfont: score(FontEntry(fname='/usr/share/fonts/truetype/dejavu/DejaVuSansMono-Oblique.ttf', name='DejaVu Sans Mono', style='oblique', variant='normal', weight=400, stretch='normal', size='scalable')) = 11.05
2025-12-09 15:08:15,596-matplotlib.font_manager-DEBUG:findfont: score(FontEntry(fname='/usr/share/fonts/truetype/dejavu/DejaVuSansMono.ttf', name='DejaVu Sans Mono', style='normal', variant='normal', weight=400, stretch='normal', size='scalable')) = 10.05
2025-12-09 15:08:15,596-matplotlib.font_manager-DEBUG:findfont: score(FontEntry(fname='/usr/share/fonts/truetype/dejavu/DejaVuSerif.ttf', name='DejaVu Serif', style='normal', variant='normal', weight=400, stretch='normal', size='scalable')) = 10.05
2025-12-09 15:08:15,596-matplotlib.font_manager-DEBUG:findfont: Matching sans\-serif:style=normal:variant=normal:weight=normal:stretch=normal:size=12.0 to DejaVu Sans ('/home/codespace/.local/lib/python3.12/site-packages/matplotlib/mpl-data/fonts/ttf/DejaVuSans.ttf') with score of 0.050000.
2025-12-09 15:08:15,608-app_logger-DEBUG:Plot generated from CSV file.
2025-12-09 15:08:15,957-app_logger-DEBUG:Plot saved to file ./data/plots/20251209-150815.png
2025-12-09 15:13:07,923-app_logger-DEBUG:Starting FAANG data retrieval process for META, AAPL, AMZN, NFLX, GOOG with interval '1h' over period '5d'.
2025-12-09 15:13:08,639-app_logger-DEBUG:yFinance Data extraction successful.
2025-12-09 15:13:08,643-app_logger-DEBUG:yFinance CSV File 20251209-151308.csv generated in Staging folder.
2025-12-09 15:13:08,643-app_logger-DEBUG:Archived: 20251209-150815.csv to ./data/archive/20251209-150815.csv
2025-12-09 15:13:08,643-app_logger-DEBUG:yFinance CSV File 20251209-151308.csv moved to data folder.
2025-12-09 15:13:08,644-app_logger-DEBUG:FAANG data retrieval process completed.
2025-12-09 15:13:08,647-app_logger-DEBUG:Successfully read the CSV file ./data/20251209-151308.csv
2025-12-09 15:13:08,650-matplotlib.pyplot-DEBUG:Loaded backend agg version v2.2.
2025-12-09 15:13:08,654-matplotlib.font_manager-DEBUG:findfont: Matching sans\-serif:style=normal:variant=normal:weight=normal:stretch=normal:size=10.0.
2025-12-09 15:13:08,655-matplotlib.font_manager-DEBUG:findfont: score(FontEntry(fname='/home/codespace/.local/lib/python3.12/site-packages/matplotlib/mpl-data/fonts/ttf/cmex10.ttf', name='cmex10', style='normal', variant='normal', weight=400, stretch='normal', size='scalable')) = 10.05
2025-12-09 15:13:08,655-matplotlib.font_manager-DEBUG:findfont: score(FontEntry(fname='/home/codespace/.local/lib/python3.12/site-packages/matplotlib/mpl-data/fonts/ttf/DejaVuSansMono-Oblique.ttf', name='DejaVu Sans Mono', style='oblique', variant='normal', weight=400, stretch='normal', size='scalable')) = 11.05
2025-12-09 15:13:08,655-matplotlib.font_manager-DEBUG:findfont: score(FontEntry(fname='/home/codespace/.local/lib/python3.12/site-packages/matplotlib/mpl-data/fonts/ttf/DejaVuSerif-BoldItalic.ttf', name='DejaVu Serif', style='italic', variant='normal', weight=700, stretch='normal', size='scalable')) = 11.335
2025-12-09 15:13:08,655-matplotlib.font_manager-DEBUG:findfont: score(FontEntry(fname='/home/codespace/.local/lib/python3.12/site-packages/matplotlib/mpl-data/fonts/ttf/DejaVuSansMono.ttf', name='DejaVu Sans Mono', style='normal', variant='normal', weight=400, stretch='normal', size='scalable')) = 10.05
2025-12-09 15:13:08,655-matplotlib.font_manager-DEBUG:findfont: score(FontEntry(fname='/home/codespace/.local/lib/python3.12/site-packages/matplotlib/mpl-data/fonts/ttf/cmr10.ttf', name='cmr10', style='normal', variant='normal', weight=400, stretch='normal', size='scalable')) = 10.05
2025-12-09 15:13:08,655-matplotlib.font_manager-DEBUG:findfont: score(FontEntry(fname='/home/codespace/.local/lib/python3.12/site-packages/matplotlib/mpl-data/fonts/ttf/STIXSizOneSymReg.ttf', name='STIXSizeOneSym', style='normal', variant='normal', weight=400, stretch='normal', size='scalable')) = 10.05
2025-12-09 15:13:08,655-matplotlib.font_manager-DEBUG:findfont: score(FontEntry(fname='/home/codespace/.local/lib/python3.12/site-packages/matplotlib/mpl-data/fonts/ttf/STIXSizFiveSymReg.ttf', name='STIXSizeFiveSym', style='normal', variant='normal', weight=400, stretch='normal', size='scalable')) = 10.05
2025-12-09 15:13:08,655-matplotlib.font_manager-DEBUG:findfont: score(FontEntry(fname='/home/codespace/.local/lib/python3.12/site-packages/matplotlib/mpl-data/fonts/ttf/STIXSizFourSymBol.ttf', name='STIXSizeFourSym', style='normal', variant='normal', weight=700, stretch='normal', size='scalable')) = 10.335
2025-12-09 15:13:08,655-matplotlib.font_manager-DEBUG:findfont: score(FontEntry(fname='/home/codespace/.local/lib/python3.12/site-packages/matplotlib/mpl-data/fonts/ttf/STIXNonUni.ttf', name='STIXNonUnicode', style='normal', variant='normal', weight=400, stretch='normal', size='scalable')) = 10.05
2025-12-09 15:13:08,655-matplotlib.font_manager-DEBUG:findfont: score(FontEntry(fname='/home/codespace/.local/lib/python3.12/site-packages/matplotlib/mpl-data/fonts/ttf/DejaVuSerifDisplay.ttf', name='DejaVu Serif Display', style='normal', variant='normal', weight=400, stretch='normal', size='scalable')) = 10.05
2025-12-09 15:13:08,655-matplotlib.font_manager-DEBUG:findfont: score(FontEntry(fname='/home/codespace/.local/lib/python3.12/site-packages/matplotlib/mpl-data/fonts/ttf/DejaVuSans-Bold.ttf', name='DejaVu Sans', style='normal', variant='normal', weight=700, stretch='normal', size='scalable')) = 0.33499999999999996
2025-12-09 15:13:08,656-matplotlib.font_manager-DEBUG:findfont: score(FontEntry(fname='/home/codespace/.local/lib/python3.12/site-packages/matplotlib/mpl-data/fonts/ttf/STIXGeneralItalic.ttf', name='STIXGeneral', style='italic', variant='normal', weight=400, stretch='normal', size='scalable')) = 11.05
2025-12-09 15:13:08,656-matplotlib.font_manager-DEBUG:findfont: score(FontEntry(fname='/home/codespace/.local/lib/python3.12/site-packages/matplotlib/mpl-data/fonts/ttf/STIXNonUniIta.ttf', name='STIXNonUnicode', style='italic', variant='normal', weight=400, stretch='normal', size='scalable')) = 11.05
2025-12-09 15:13:08,656-matplotlib.font_manager-DEBUG:findfont: score(FontEntry(fname='/home/codespace/.local/lib/python3.12/site-packages/matplotlib/mpl-data/fonts/ttf/DejaVuSerif-Italic.ttf', name='DejaVu Serif', style='italic', variant='normal', weight=400, stretch='normal', size='scalable')) = 11.05
2025-12-09 15:13:08,656-matplotlib.font_manager-DEBUG:findfont: score(FontEntry(fname='/home/codespace/.local/lib/python3.12/site-packages/matplotlib/mpl-data/fonts/ttf/STIXGeneralBolIta.ttf', name='STIXGeneral', style='italic', variant='normal', weight=700, stretch='normal', size='scalable')) = 11.335
2025-12-09 15:13:08,656-matplotlib.font_manager-DEBUG:findfont: score(FontEntry(fname='/home/codespace/.local/lib/python3.12/site-packages/matplotlib/mpl-data/fonts/ttf/cmb10.ttf', name='cmb10', style='normal', variant='normal', weight=400, stretch='normal', size='scalable')) = 10.05
2025-12-09 15:13:08,656-matplotlib.font_manager-DEBUG:findfont: score(FontEntry(fname='/home/codespace/.local/lib/python3.12/site-packages/matplotlib/mpl-data/fonts/ttf/STIXNonUniBolIta.ttf', name='STIXNonUnicode', style='italic', variant='normal', weight=700, stretch='normal', size='scalable')) = 11.335
2025-12-09 15:13:08,656-matplotlib.font_manager-DEBUG:findfont: score(FontEntry(fname='/home/codespace/.local/lib/python3.12/site-packages/matplotlib/mpl-data/fonts/ttf/DejaVuSansMono-Bold.ttf', name='DejaVu Sans Mono', style='normal', variant='normal', weight=700, stretch='normal', size='scalable')) = 10.335
2025-12-09 15:13:08,656-matplotlib.font_manager-DEBUG:findfont: score(FontEntry(fname='/home/codespace/.local/lib/python3.12/site-packages/matplotlib/mpl-data/fonts/ttf/STIXSizThreeSymReg.ttf', name='STIXSizeThreeSym', style='normal', variant='normal', weight=400, stretch='normal', size='scalable')) = 10.05
2025-12-09 15:13:08,656-matplotlib.font_manager-DEBUG:findfont: score(FontEntry(fname='/home/codespace/.local/lib/python3.12/site-packages/matplotlib/mpl-data/fonts/ttf/cmmi10.ttf', name='cmmi10', style='normal', variant='normal', weight=400, stretch='normal', size='scalable')) = 10.05
2025-12-09 15:13:08,656-matplotlib.font_manager-DEBUG:findfont: score(FontEntry(fname='/home/codespace/.local/lib/python3.12/site-packages/matplotlib/mpl-data/fonts/ttf/STIXGeneral.ttf', name='STIXGeneral', style='normal', variant='normal', weight=400, stretch='normal', size='scalable')) = 10.05
2025-12-09 15:13:08,656-matplotlib.font_manager-DEBUG:findfont: score(FontEntry(fname='/home/codespace/.local/lib/python3.12/site-packages/matplotlib/mpl-data/fonts/ttf/DejaVuSerif-Bold.ttf', name='DejaVu Serif', style='normal', variant='normal', weight=700, stretch='normal', size='scalable')) = 10.335
2025-12-09 15:13:08,656-matplotlib.font_manager-DEBUG:findfont: score(FontEntry(fname='/home/codespace/.local/lib/python3.12/site-packages/matplotlib/mpl-data/fonts/ttf/STIXSizTwoSymBol.ttf', name='STIXSizeTwoSym', style='normal', variant='normal', weight=700, stretch='normal', size='scalable')) = 10.335
2025-12-09 15:13:08,656-matplotlib.font_manager-DEBUG:findfont: score(FontEntry(fname='/home/codespace/.local/lib/python3.12/site-packages/matplotlib/mpl-data/fonts/ttf/DejaVuSerif.ttf', name='DejaVu Serif', style='normal', variant='normal', weight=400, stretch='normal', size='scalable')) = 10.05
2025-12-09 15:13:08,656-matplotlib.font_manager-DEBUG:findfont: score(FontEntry(fname='/home/codespace/.local/lib/python3.12/site-packages/matplotlib/mpl-data/fonts/ttf/STIXSizThreeSymBol.ttf', name='STIXSizeThreeSym', style='normal', variant='normal', weight=700, stretch='normal', size='scalable')) = 10.335
2025-12-09 15:13:08,656-matplotlib.font_manager-DEBUG:findfont: score(FontEntry(fname='/home/codespace/.local/lib/python3.12/site-packages/matplotlib/mpl-data/fonts/ttf/cmsy10.ttf', name='cmsy10', style='normal', variant='normal', weight=400, stretch='normal', size='scalable')) = 10.05
2025-12-09 15:13:08,656-matplotlib.font_manager-DEBUG:findfont: score(FontEntry(fname='/home/codespace/.local/lib/python3.12/site-packages/matplotlib/mpl-data/fonts/ttf/DejaVuSansMono-BoldOblique.ttf', name='DejaVu Sans Mono', style='oblique', variant='normal', weight=700, stretch='normal', size='scalable')) = 11.335
2025-12-09 15:13:08,657-matplotlib.font_manager-DEBUG:findfont: score(FontEntry(fname='/home/codespace/.local/lib/python3.12/site-packages/matplotlib/mpl-data/fonts/ttf/DejaVuSansDisplay.ttf', name='DejaVu Sans Display', style='normal', variant='normal', weight=400, stretch='normal', size='scalable')) = 10.05
2025-12-09 15:13:08,657-matplotlib.font_manager-DEBUG:findfont: score(FontEntry(fname='/home/codespace/.local/lib/python3.12/site-packages/matplotlib/mpl-data/fonts/ttf/DejaVuSans-Oblique.ttf', name='DejaVu Sans', style='oblique', variant='normal', weight=400, stretch='normal', size='scalable')) = 1.05
2025-12-09 15:13:08,657-matplotlib.font_manager-DEBUG:findfont: score(FontEntry(fname='/home/codespace/.local/lib/python3.12/site-packages/matplotlib/mpl-data/fonts/ttf/STIXGeneralBol.ttf', name='STIXGeneral', style='normal', variant='normal', weight=700, stretch='normal', size='scalable')) = 10.335
2025-12-09 15:13:08,657-matplotlib.font_manager-DEBUG:findfont: score(FontEntry(fname='/home/codespace/.local/lib/python3.12/site-packages/matplotlib/mpl-data/fonts/ttf/DejaVuSans.ttf', name='DejaVu Sans', style='normal', variant='normal', weight=400, stretch='normal', size='scalable')) = 0.05
2025-12-09 15:13:08,657-matplotlib.font_manager-DEBUG:findfont: score(FontEntry(fname='/home/codespace/.local/lib/python3.12/site-packages/matplotlib/mpl-data/fonts/ttf/STIXSizFourSymReg.ttf', name='STIXSizeFourSym', style='normal', variant='normal', weight=400, stretch='normal', size='scalable')) = 10.05
2025-12-09 15:13:08,657-matplotlib.font_manager-DEBUG:findfont: score(FontEntry(fname='/home/codespace/.local/lib/python3.12/site-packages/matplotlib/mpl-data/fonts/ttf/cmss10.ttf', name='cmss10', style='normal', variant='normal', weight=400, stretch='normal', size='scalable')) = 10.05
2025-12-09 15:13:08,657-matplotlib.font_manager-DEBUG:findfont: score(FontEntry(fname='/home/codespace/.local/lib/python3.12/site-packages/matplotlib/mpl-data/fonts/ttf/cmtt10.ttf', name='cmtt10', style='normal', variant='normal', weight=400, stretch='normal', size='scalable')) = 10.05
2025-12-09 15:13:08,657-matplotlib.font_manager-DEBUG:findfont: score(FontEntry(fname='/home/codespace/.local/lib/python3.12/site-packages/matplotlib/mpl-data/fonts/ttf/STIXSizTwoSymReg.ttf', name='STIXSizeTwoSym', style='normal', variant='normal', weight=400, stretch='normal', size='scalable')) = 10.05
2025-12-09 15:13:08,657-matplotlib.font_manager-DEBUG:findfont: score(FontEntry(fname='/home/codespace/.local/lib/python3.12/site-packages/matplotlib/mpl-data/fonts/ttf/STIXNonUniBol.ttf', name='STIXNonUnicode', style='normal', variant='normal', weight=700, stretch='normal', size='scalable')) = 10.335
2025-12-09 15:13:08,657-matplotlib.font_manager-DEBUG:findfont: score(FontEntry(fname='/home/codespace/.local/lib/python3.12/site-packages/matplotlib/mpl-data/fonts/ttf/STIXSizOneSymBol.ttf', name='STIXSizeOneSym', style='normal', variant='normal', weight=700, stretch='normal', size='scalable')) = 10.335
2025-12-09 15:13:08,657-matplotlib.font_manager-DEBUG:findfont: score(FontEntry(fname='/home/codespace/.local/lib/python3.12/site-packages/matplotlib/mpl-data/fonts/ttf/DejaVuSans-BoldOblique.ttf', name='DejaVu Sans', style='oblique', variant='normal', weight=700, stretch='normal', size='scalable')) = 1.335
2025-12-09 15:13:08,657-matplotlib.font_manager-DEBUG:findfont: score(FontEntry(fname='/usr/share/fonts/truetype/dejavu/DejaVuSansMono-BoldOblique.ttf', name='DejaVu Sans Mono', style='oblique', variant='normal', weight=700, stretch='normal', size='scalable')) = 11.335
2025-12-09 15:13:08,657-matplotlib.font_manager-DEBUG:findfont: score(FontEntry(fname='/usr/share/fonts/truetype/dejavu/DejaVuSans-Bold.ttf', name='DejaVu Sans', style='normal', variant='normal', weight=700, stretch='normal', size='scalable')) = 0.33499999999999996
2025-12-09 15:13:08,657-matplotlib.font_manager-DEBUG:findfont: score(FontEntry(fname='/usr/share/fonts/truetype/dejavu/DejaVuSansMono-Bold.ttf', name='DejaVu Sans Mono', style='normal', variant='normal', weight=700, stretch='normal', size='scalable')) = 10.335
2025-12-09 15:13:08,657-matplotlib.font_manager-DEBUG:findfont: score(FontEntry(fname='/usr/share/fonts/truetype/dejavu/DejaVuSans.ttf', name='DejaVu Sans', style='normal', variant='normal', weight=400, stretch='normal', size='scalable')) = 0.05
2025-12-09 15:13:08,658-matplotlib.font_manager-DEBUG:findfont: score(FontEntry(fname='/usr/share/fonts/truetype/dejavu/DejaVuSerif-Bold.ttf', name='DejaVu Serif', style='normal', variant='normal', weight=700, stretch='normal', size='scalable')) = 10.335
2025-12-09 15:13:08,658-matplotlib.font_manager-DEBUG:findfont: score(FontEntry(fname='/usr/share/fonts/truetype/dejavu/DejaVuSansMono-Oblique.ttf', name='DejaVu Sans Mono', style='oblique', variant='normal', weight=400, stretch='normal', size='scalable')) = 11.05
2025-12-09 15:13:08,658-matplotlib.font_manager-DEBUG:findfont: score(FontEntry(fname='/usr/share/fonts/truetype/dejavu/DejaVuSansMono.ttf', name='DejaVu Sans Mono', style='normal', variant='normal', weight=400, stretch='normal', size='scalable')) = 10.05
2025-12-09 15:13:08,658-matplotlib.font_manager-DEBUG:findfont: score(FontEntry(fname='/usr/share/fonts/truetype/dejavu/DejaVuSerif.ttf', name='DejaVu Serif', style='normal', variant='normal', weight=400, stretch='normal', size='scalable')) = 10.05
2025-12-09 15:13:08,658-matplotlib.font_manager-DEBUG:findfont: Matching sans\-serif:style=normal:variant=normal:weight=normal:stretch=normal:size=10.0 to DejaVu Sans ('/home/codespace/.local/lib/python3.12/site-packages/matplotlib/mpl-data/fonts/ttf/DejaVuSans.ttf') with score of 0.050000.
2025-12-09 15:13:08,665-matplotlib.category-INFO:Using categorical units to plot a list of strings that are all parsable as floats or dates. If these strings should be plotted as numbers, cast to the appropriate data type before plotting.
2025-12-09 15:13:08,667-matplotlib.category-INFO:Using categorical units to plot a list of strings that are all parsable as floats or dates. If these strings should be plotted as numbers, cast to the appropriate data type before plotting.
2025-12-09 15:13:08,670-matplotlib.category-INFO:Using categorical units to plot a list of strings that are all parsable as floats or dates. If these strings should be plotted as numbers, cast to the appropriate data type before plotting.
2025-12-09 15:13:08,672-matplotlib.category-INFO:Using categorical units to plot a list of strings that are all parsable as floats or dates. If these strings should be plotted as numbers, cast to the appropriate data type before plotting.
2025-12-09 15:13:08,674-matplotlib.category-INFO:Using categorical units to plot a list of strings that are all parsable as floats or dates. If these strings should be plotted as numbers, cast to the appropriate data type before plotting.
2025-12-09 15:13:08,677-matplotlib.category-INFO:Using categorical units to plot a list of strings that are all parsable as floats or dates. If these strings should be plotted as numbers, cast to the appropriate data type before plotting.
2025-12-09 15:13:08,681-matplotlib.category-INFO:Using categorical units to plot a list of strings that are all parsable as floats or dates. If these strings should be plotted as numbers, cast to the appropriate data type before plotting.
2025-12-09 15:13:08,684-matplotlib.category-INFO:Using categorical units to plot a list of strings that are all parsable as floats or dates. If these strings should be plotted as numbers, cast to the appropriate data type before plotting.
2025-12-09 15:13:08,688-matplotlib.category-INFO:Using categorical units to plot a list of strings that are all parsable as floats or dates. If these strings should be plotted as numbers, cast to the appropriate data type before plotting.
2025-12-09 15:13:08,692-matplotlib.category-INFO:Using categorical units to plot a list of strings that are all parsable as floats or dates. If these strings should be plotted as numbers, cast to the appropriate data type before plotting.
2025-12-09 15:13:08,735-matplotlib.font_manager-DEBUG:findfont: Matching sans\-serif:style=normal:variant=normal:weight=normal:stretch=normal:size=12.0.
2025-12-09 15:13:08,735-matplotlib.font_manager-DEBUG:findfont: score(FontEntry(fname='/home/codespace/.local/lib/python3.12/site-packages/matplotlib/mpl-data/fonts/ttf/cmex10.ttf', name='cmex10', style='normal', variant='normal', weight=400, stretch='normal', size='scalable')) = 10.05
2025-12-09 15:13:08,735-matplotlib.font_manager-DEBUG:findfont: score(FontEntry(fname='/home/codespace/.local/lib/python3.12/site-packages/matplotlib/mpl-data/fonts/ttf/DejaVuSansMono-Oblique.ttf', name='DejaVu Sans Mono', style='oblique', variant='normal', weight=400, stretch='normal', size='scalable')) = 11.05
2025-12-09 15:13:08,735-matplotlib.font_manager-DEBUG:findfont: score(FontEntry(fname='/home/codespace/.local/lib/python3.12/site-packages/matplotlib/mpl-data/fonts/ttf/DejaVuSerif-BoldItalic.ttf', name='DejaVu Serif', style='italic', variant='normal', weight=700, stretch='normal', size='scalable')) = 11.335
2025-12-09 15:13:08,736-matplotlib.font_manager-DEBUG:findfont: score(FontEntry(fname='/home/codespace/.local/lib/python3.12/site-packages/matplotlib/mpl-data/fonts/ttf/DejaVuSansMono.ttf', name='DejaVu Sans Mono', style='normal', variant='normal', weight=400, stretch='normal', size='scalable')) = 10.05
2025-12-09 15:13:08,736-matplotlib.font_manager-DEBUG:findfont: score(FontEntry(fname='/home/codespace/.local/lib/python3.12/site-packages/matplotlib/mpl-data/fonts/ttf/cmr10.ttf', name='cmr10', style='normal', variant='normal', weight=400, stretch='normal', size='scalable')) = 10.05
2025-12-09 15:13:08,736-matplotlib.font_manager-DEBUG:findfont: score(FontEntry(fname='/home/codespace/.local/lib/python3.12/site-packages/matplotlib/mpl-data/fonts/ttf/STIXSizOneSymReg.ttf', name='STIXSizeOneSym', style='normal', variant='normal', weight=400, stretch='normal', size='scalable')) = 10.05
2025-12-09 15:13:08,736-matplotlib.font_manager-DEBUG:findfont: score(FontEntry(fname='/home/codespace/.local/lib/python3.12/site-packages/matplotlib/mpl-data/fonts/ttf/STIXSizFiveSymReg.ttf', name='STIXSizeFiveSym', style='normal', variant='normal', weight=400, stretch='normal', size='scalable')) = 10.05
2025-12-09 15:13:08,736-matplotlib.font_manager-DEBUG:findfont: score(FontEntry(fname='/home/codespace/.local/lib/python3.12/site-packages/matplotlib/mpl-data/fonts/ttf/STIXSizFourSymBol.ttf', name='STIXSizeFourSym', style='normal', variant='normal', weight=700, stretch='normal', size='scalable')) = 10.335
2025-12-09 15:13:08,736-matplotlib.font_manager-DEBUG:findfont: score(FontEntry(fname='/home/codespace/.local/lib/python3.12/site-packages/matplotlib/mpl-data/fonts/ttf/STIXNonUni.ttf', name='STIXNonUnicode', style='normal', variant='normal', weight=400, stretch='normal', size='scalable')) = 10.05
2025-12-09 15:13:08,737-matplotlib.font_manager-DEBUG:findfont: score(FontEntry(fname='/home/codespace/.local/lib/python3.12/site-packages/matplotlib/mpl-data/fonts/ttf/DejaVuSerifDisplay.ttf', name='DejaVu Serif Display', style='normal', variant='normal', weight=400, stretch='normal', size='scalable')) = 10.05
2025-12-09 15:13:08,737-matplotlib.font_manager-DEBUG:findfont: score(FontEntry(fname='/home/codespace/.local/lib/python3.12/site-packages/matplotlib/mpl-data/fonts/ttf/DejaVuSans-Bold.ttf', name='DejaVu Sans', style='normal', variant='normal', weight=700, stretch='normal', size='scalable')) = 0.33499999999999996
2025-12-09 15:13:08,737-matplotlib.font_manager-DEBUG:findfont: score(FontEntry(fname='/home/codespace/.local/lib/python3.12/site-packages/matplotlib/mpl-data/fonts/ttf/STIXGeneralItalic.ttf', name='STIXGeneral', style='italic', variant='normal', weight=400, stretch='normal', size='scalable')) = 11.05
2025-12-09 15:13:08,738-matplotlib.font_manager-DEBUG:findfont: score(FontEntry(fname='/home/codespace/.local/lib/python3.12/site-packages/matplotlib/mpl-data/fonts/ttf/STIXNonUniIta.ttf', name='STIXNonUnicode', style='italic', variant='normal', weight=400, stretch='normal', size='scalable')) = 11.05
2025-12-09 15:13:08,738-matplotlib.font_manager-DEBUG:findfont: score(FontEntry(fname='/home/codespace/.local/lib/python3.12/site-packages/matplotlib/mpl-data/fonts/ttf/DejaVuSerif-Italic.ttf', name='DejaVu Serif', style='italic', variant='normal', weight=400, stretch='normal', size='scalable')) = 11.05
2025-12-09 15:13:08,738-matplotlib.font_manager-DEBUG:findfont: score(FontEntry(fname='/home/codespace/.local/lib/python3.12/site-packages/matplotlib/mpl-data/fonts/ttf/STIXGeneralBolIta.ttf', name='STIXGeneral', style='italic', variant='normal', weight=700, stretch='normal', size='scalable')) = 11.335
2025-12-09 15:13:08,739-matplotlib.font_manager-DEBUG:findfont: score(FontEntry(fname='/home/codespace/.local/lib/python3.12/site-packages/matplotlib/mpl-data/fonts/ttf/cmb10.ttf', name='cmb10', style='normal', variant='normal', weight=400, stretch='normal', size='scalable')) = 10.05
2025-12-09 15:13:08,739-matplotlib.font_manager-DEBUG:findfont: score(FontEntry(fname='/home/codespace/.local/lib/python3.12/site-packages/matplotlib/mpl-data/fonts/ttf/STIXNonUniBolIta.ttf', name='STIXNonUnicode', style='italic', variant='normal', weight=700, stretch='normal', size='scalable')) = 11.335
2025-12-09 15:13:08,739-matplotlib.font_manager-DEBUG:findfont: score(FontEntry(fname='/home/codespace/.local/lib/python3.12/site-packages/matplotlib/mpl-data/fonts/ttf/DejaVuSansMono-Bold.ttf', name='DejaVu Sans Mono', style='normal', variant='normal', weight=700, stretch='normal', size='scalable')) = 10.335
2025-12-09 15:13:08,739-matplotlib.font_manager-DEBUG:findfont: score(FontEntry(fname='/home/codespace/.local/lib/python3.12/site-packages/matplotlib/mpl-data/fonts/ttf/STIXSizThreeSymReg.ttf', name='STIXSizeThreeSym', style='normal', variant='normal', weight=400, stretch='normal', size='scalable')) = 10.05
2025-12-09 15:13:08,739-matplotlib.font_manager-DEBUG:findfont: score(FontEntry(fname='/home/codespace/.local/lib/python3.12/site-packages/matplotlib/mpl-data/fonts/ttf/cmmi10.ttf', name='cmmi10', style='normal', variant='normal', weight=400, stretch='normal', size='scalable')) = 10.05
2025-12-09 15:13:08,739-matplotlib.font_manager-DEBUG:findfont: score(FontEntry(fname='/home/codespace/.local/lib/python3.12/site-packages/matplotlib/mpl-data/fonts/ttf/STIXGeneral.ttf', name='STIXGeneral', style='normal', variant='normal', weight=400, stretch='normal', size='scalable')) = 10.05
2025-12-09 15:13:08,739-matplotlib.font_manager-DEBUG:findfont: score(FontEntry(fname='/home/codespace/.local/lib/python3.12/site-packages/matplotlib/mpl-data/fonts/ttf/DejaVuSerif-Bold.ttf', name='DejaVu Serif', style='normal', variant='normal', weight=700, stretch='normal', size='scalable')) = 10.335
2025-12-09 15:13:08,739-matplotlib.font_manager-DEBUG:findfont: score(FontEntry(fname='/home/codespace/.local/lib/python3.12/site-packages/matplotlib/mpl-data/fonts/ttf/STIXSizTwoSymBol.ttf', name='STIXSizeTwoSym', style='normal', variant='normal', weight=700, stretch='normal', size='scalable')) = 10.335
2025-12-09 15:13:08,740-matplotlib.font_manager-DEBUG:findfont: score(FontEntry(fname='/home/codespace/.local/lib/python3.12/site-packages/matplotlib/mpl-data/fonts/ttf/DejaVuSerif.ttf', name='DejaVu Serif', style='normal', variant='normal', weight=400, stretch='normal', size='scalable')) = 10.05
2025-12-09 15:13:08,740-matplotlib.font_manager-DEBUG:findfont: score(FontEntry(fname='/home/codespace/.local/lib/python3.12/site-packages/matplotlib/mpl-data/fonts/ttf/STIXSizThreeSymBol.ttf', name='STIXSizeThreeSym', style='normal', variant='normal', weight=700, stretch='normal', size='scalable')) = 10.335
2025-12-09 15:13:08,740-matplotlib.font_manager-DEBUG:findfont: score(FontEntry(fname='/home/codespace/.local/lib/python3.12/site-packages/matplotlib/mpl-data/fonts/ttf/cmsy10.ttf', name='cmsy10', style='normal', variant='normal', weight=400, stretch='normal', size='scalable')) = 10.05
2025-12-09 15:13:08,740-matplotlib.font_manager-DEBUG:findfont: score(FontEntry(fname='/home/codespace/.local/lib/python3.12/site-packages/matplotlib/mpl-data/fonts/ttf/DejaVuSansMono-BoldOblique.ttf', name='DejaVu Sans Mono', style='oblique', variant='normal', weight=700, stretch='normal', size='scalable')) = 11.335
2025-12-09 15:13:08,740-matplotlib.font_manager-DEBUG:findfont: score(FontEntry(fname='/home/codespace/.local/lib/python3.12/site-packages/matplotlib/mpl-data/fonts/ttf/DejaVuSansDisplay.ttf', name='DejaVu Sans Display', style='normal', variant='normal', weight=400, stretch='normal', size='scalable')) = 10.05
2025-12-09 15:13:08,740-matplotlib.font_manager-DEBUG:findfont: score(FontEntry(fname='/home/codespace/.local/lib/python3.12/site-packages/matplotlib/mpl-data/fonts/ttf/DejaVuSans-Oblique.ttf', name='DejaVu Sans', style='oblique', variant='normal', weight=400, stretch='normal', size='scalable')) = 1.05
2025-12-09 15:13:08,740-matplotlib.font_manager-DEBUG:findfont: score(FontEntry(fname='/home/codespace/.local/lib/python3.12/site-packages/matplotlib/mpl-data/fonts/ttf/STIXGeneralBol.ttf', name='STIXGeneral', style='normal', variant='normal', weight=700, stretch='normal', size='scalable')) = 10.335
2025-12-09 15:13:08,740-matplotlib.font_manager-DEBUG:findfont: score(FontEntry(fname='/home/codespace/.local/lib/python3.12/site-packages/matplotlib/mpl-data/fonts/ttf/DejaVuSans.ttf', name='DejaVu Sans', style='normal', variant='normal', weight=400, stretch='normal', size='scalable')) = 0.05
2025-12-09 15:13:08,741-matplotlib.font_manager-DEBUG:findfont: score(FontEntry(fname='/home/codespace/.local/lib/python3.12/site-packages/matplotlib/mpl-data/fonts/ttf/STIXSizFourSymReg.ttf', name='STIXSizeFourSym', style='normal', variant='normal', weight=400, stretch='normal', size='scalable')) = 10.05
2025-12-09 15:13:08,741-matplotlib.font_manager-DEBUG:findfont: score(FontEntry(fname='/home/codespace/.local/lib/python3.12/site-packages/matplotlib/mpl-data/fonts/ttf/cmss10.ttf', name='cmss10', style='normal', variant='normal', weight=400, stretch='normal', size='scalable')) = 10.05
2025-12-09 15:13:08,741-matplotlib.font_manager-DEBUG:findfont: score(FontEntry(fname='/home/codespace/.local/lib/python3.12/site-packages/matplotlib/mpl-data/fonts/ttf/cmtt10.ttf', name='cmtt10', style='normal', variant='normal', weight=400, stretch='normal', size='scalable')) = 10.05
2025-12-09 15:13:08,741-matplotlib.font_manager-DEBUG:findfont: score(FontEntry(fname='/home/codespace/.local/lib/python3.12/site-packages/matplotlib/mpl-data/fonts/ttf/STIXSizTwoSymReg.ttf', name='STIXSizeTwoSym', style='normal', variant='normal', weight=400, stretch='normal', size='scalable')) = 10.05
2025-12-09 15:13:08,741-matplotlib.font_manager-DEBUG:findfont: score(FontEntry(fname='/home/codespace/.local/lib/python3.12/site-packages/matplotlib/mpl-data/fonts/ttf/STIXNonUniBol.ttf', name='STIXNonUnicode', style='normal', variant='normal', weight=700, stretch='normal', size='scalable')) = 10.335
2025-12-09 15:13:08,741-matplotlib.font_manager-DEBUG:findfont: score(FontEntry(fname='/home/codespace/.local/lib/python3.12/site-packages/matplotlib/mpl-data/fonts/ttf/STIXSizOneSymBol.ttf', name='STIXSizeOneSym', style='normal', variant='normal', weight=700, stretch='normal', size='scalable')) = 10.335
2025-12-09 15:13:08,741-matplotlib.font_manager-DEBUG:findfont: score(FontEntry(fname='/home/codespace/.local/lib/python3.12/site-packages/matplotlib/mpl-data/fonts/ttf/DejaVuSans-BoldOblique.ttf', name='DejaVu Sans', style='oblique', variant='normal', weight=700, stretch='normal', size='scalable')) = 1.335
2025-12-09 15:13:08,741-matplotlib.font_manager-DEBUG:findfont: score(FontEntry(fname='/usr/share/fonts/truetype/dejavu/DejaVuSansMono-BoldOblique.ttf', name='DejaVu Sans Mono', style='oblique', variant='normal', weight=700, stretch='normal', size='scalable')) = 11.335
2025-12-09 15:13:08,741-matplotlib.font_manager-DEBUG:findfont: score(FontEntry(fname='/usr/share/fonts/truetype/dejavu/DejaVuSans-Bold.ttf', name='DejaVu Sans', style='normal', variant='normal', weight=700, stretch='normal', size='scalable')) = 0.33499999999999996
2025-12-09 15:13:08,741-matplotlib.font_manager-DEBUG:findfont: score(FontEntry(fname='/usr/share/fonts/truetype/dejavu/DejaVuSansMono-Bold.ttf', name='DejaVu Sans Mono', style='normal', variant='normal', weight=700, stretch='normal', size='scalable')) = 10.335
2025-12-09 15:13:08,742-matplotlib.font_manager-DEBUG:findfont: score(FontEntry(fname='/usr/share/fonts/truetype/dejavu/DejaVuSans.ttf', name='DejaVu Sans', style='normal', variant='normal', weight=400, stretch='normal', size='scalable')) = 0.05
2025-12-09 15:13:08,742-matplotlib.font_manager-DEBUG:findfont: score(FontEntry(fname='/usr/share/fonts/truetype/dejavu/DejaVuSerif-Bold.ttf', name='DejaVu Serif', style='normal', variant='normal', weight=700, stretch='normal', size='scalable')) = 10.335
2025-12-09 15:13:08,742-matplotlib.font_manager-DEBUG:findfont: score(FontEntry(fname='/usr/share/fonts/truetype/dejavu/DejaVuSansMono-Oblique.ttf', name='DejaVu Sans Mono', style='oblique', variant='normal', weight=400, stretch='normal', size='scalable')) = 11.05
2025-12-09 15:13:08,742-matplotlib.font_manager-DEBUG:findfont: score(FontEntry(fname='/usr/share/fonts/truetype/dejavu/DejaVuSansMono.ttf', name='DejaVu Sans Mono', style='normal', variant='normal', weight=400, stretch='normal', size='scalable')) = 10.05
2025-12-09 15:13:08,742-matplotlib.font_manager-DEBUG:findfont: score(FontEntry(fname='/usr/share/fonts/truetype/dejavu/DejaVuSerif.ttf', name='DejaVu Serif', style='normal', variant='normal', weight=400, stretch='normal', size='scalable')) = 10.05
2025-12-09 15:13:08,742-matplotlib.font_manager-DEBUG:findfont: Matching sans\-serif:style=normal:variant=normal:weight=normal:stretch=normal:size=12.0 to DejaVu Sans ('/home/codespace/.local/lib/python3.12/site-packages/matplotlib/mpl-data/fonts/ttf/DejaVuSans.ttf') with score of 0.050000.
2025-12-09 15:13:08,757-app_logger-DEBUG:Plot generated from CSV file.
2025-12-09 15:13:09,077-app_logger-DEBUG:Plot saved to file ./data/plots/20251209-151308.png
2025-12-09 15:30:26,353-app_logger-DEBUG:Starting FAANG data retrieval process for META, AAPL, AMZN, NFLX, GOOG with interval '1h' over period '5d'.
2025-12-09 15:30:26,353-yfinance-DEBUG:Entering download()
2025-12-09 15:30:26,353-yfinance-DEBUG:Disabling multithreading because DEBUG logging enabled
2025-12-09 15:30:26,354-yfinance-DEBUG: Entering history()
2025-12-09 15:30:26,354-peewee-DEBUG:('CREATE TABLE IF NOT EXISTS "_tz_kv" ("key" VARCHAR(255) NOT NULL PRIMARY KEY, "value" VARCHAR(255)) WITHOUT ROWID', [])
2025-12-09 15:30:26,355-peewee-DEBUG:('SELECT "t1"."key", "t1"."value" FROM "_tz_kv" AS "t1" WHERE ("t1"."key" = ?) LIMIT ? OFFSET ?', ['AAPL', 1, 0])
2025-12-09 15:30:26,365-yfinance-DEBUG:  Entering history()
2025-12-09 15:30:26,365-yfinance-DEBUG:AAPL: Yahoo GET parameters: {'range': '5d', 'interval': '1h', 'includePrePost': False, 'events': 'div,splits,capitalGains'}
2025-12-09 15:30:26,365-yfinance-DEBUG:   Entering get()
2025-12-09 15:30:26,365-yfinance-DEBUG:    Entering _make_request()
2025-12-09 15:30:26,365-yfinance-DEBUG:url=https://query2.finance.yahoo.com/v8/finance/chart/AAPL
2025-12-09 15:30:26,365-yfinance-DEBUG:params={'range': '5d', 'interval': '1h', 'includePrePost': False, 'events': 'div,splits,capitalGains'}
2025-12-09 15:30:26,365-yfinance-DEBUG:     Entering _get_cookie_and_crumb()
2025-12-09 15:30:26,365-yfinance-DEBUG:cookie_mode = 'basic'
2025-12-09 15:30:26,365-yfinance-DEBUG:      Entering _get_cookie_and_crumb_basic()
2025-12-09 15:30:26,365-yfinance-DEBUG:       Entering _get_cookie_basic()
2025-12-09 15:30:26,365-yfinance-DEBUG:        Entering _load_cookie_curlCffi()
2025-12-09 15:30:26,366-peewee-DEBUG:('CREATE TABLE IF NOT EXISTS "_cookieschema" ("strategy" VARCHAR(255) NOT NULL PRIMARY KEY, "fetch_date" DATETIME NOT NULL, "cookie_bytes" BLOB NOT NULL) WITHOUT ROWID', [])
2025-12-09 15:30:26,367-peewee-DEBUG:('SELECT "t1"."strategy", "t1"."fetch_date", "t1"."cookie_bytes" FROM "_cookieschema" AS "t1" WHERE ("t1"."strategy" = ?) LIMIT ? OFFSET ?', ['curlCffi', 1, 0])
2025-12-09 15:30:26,367-yfinance-DEBUG:        Exiting _load_cookie_curlCffi()
2025-12-09 15:30:26,367-yfinance-DEBUG:reusing persistent cookie
2025-12-09 15:30:26,367-yfinance-DEBUG:       Exiting _get_cookie_basic()
2025-12-09 15:30:26,367-yfinance-DEBUG:       Entering _get_crumb_basic()
2025-12-09 15:30:26,367-yfinance-DEBUG:        Entering _get_cookie_basic()
2025-12-09 15:30:26,367-yfinance-DEBUG:reusing cookie
2025-12-09 15:30:26,367-yfinance-DEBUG:        Exiting _get_cookie_basic()
2025-12-09 15:30:26,507-yfinance-DEBUG:crumb = '5XWUUimeyo7'
2025-12-09 15:30:26,507-yfinance-DEBUG:       Exiting _get_crumb_basic()
2025-12-09 15:30:26,507-yfinance-DEBUG:      Exiting _get_cookie_and_crumb_basic()
2025-12-09 15:30:26,507-yfinance-DEBUG:     Exiting _get_cookie_and_crumb()
2025-12-09 15:30:26,685-yfinance-DEBUG:response code=200
2025-12-09 15:30:26,686-yfinance-DEBUG:    Exiting _make_request()
2025-12-09 15:30:26,686-yfinance-DEBUG:   Exiting get()
2025-12-09 15:30:26,689-yfinance-DEBUG:AAPL: yfinance received OHLC data: 2025-12-03 14:30:00 -> 2025-12-09 15:30:25
2025-12-09 15:30:26,700-yfinance-DEBUG:AAPL: OHLC after cleaning: 2025-12-03 09:30:00-05:00 -> 2025-12-09 10:30:25-05:00
2025-12-09 15:30:26,703-yfinance-DEBUG:AAPL: OHLC after combining events: 2025-12-03 09:30:00-05:00 -> 2025-12-09 10:30:25-05:00
2025-12-09 15:30:26,714-yfinance-DEBUG:AAPL: yfinance returning OHLC: 2025-12-03 09:30:00-05:00 -> 2025-12-09 10:30:00-05:00
2025-12-09 15:30:26,714-yfinance-DEBUG:  Exiting history()
2025-12-09 15:30:26,714-yfinance-DEBUG: Exiting history()
2025-12-09 15:30:26,715-yfinance-DEBUG: Entering history()
2025-12-09 15:30:26,715-peewee-DEBUG:('SELECT "t1"."key", "t1"."value" FROM "_tz_kv" AS "t1" WHERE ("t1"."key" = ?) LIMIT ? OFFSET ?', ['META', 1, 0])
2025-12-09 15:30:26,715-yfinance-DEBUG:  Entering history()
2025-12-09 15:30:26,716-yfinance-DEBUG:META: Yahoo GET parameters: {'range': '5d', 'interval': '1h', 'includePrePost': False, 'events': 'div,splits,capitalGains'}
2025-12-09 15:30:26,716-yfinance-DEBUG:   Entering get()
2025-12-09 15:30:26,716-yfinance-DEBUG:    Entering _make_request()
2025-12-09 15:30:26,716-yfinance-DEBUG:url=https://query2.finance.yahoo.com/v8/finance/chart/META
2025-12-09 15:30:26,716-yfinance-DEBUG:params={'range': '5d', 'interval': '1h', 'includePrePost': False, 'events': 'div,splits,capitalGains'}
2025-12-09 15:30:26,716-yfinance-DEBUG:     Entering _get_cookie_and_crumb()
2025-12-09 15:30:26,716-yfinance-DEBUG:cookie_mode = 'basic'
2025-12-09 15:30:26,716-yfinance-DEBUG:      Entering _get_cookie_and_crumb_basic()
2025-12-09 15:30:26,717-yfinance-DEBUG:       Entering _get_cookie_basic()
2025-12-09 15:30:26,717-yfinance-DEBUG:reusing cookie
2025-12-09 15:30:26,717-yfinance-DEBUG:       Exiting _get_cookie_basic()
2025-12-09 15:30:26,717-yfinance-DEBUG:       Entering _get_crumb_basic()
2025-12-09 15:30:26,717-yfinance-DEBUG:reusing crumb
2025-12-09 15:30:26,717-yfinance-DEBUG:       Exiting _get_crumb_basic()
2025-12-09 15:30:26,717-yfinance-DEBUG:      Exiting _get_cookie_and_crumb_basic()
2025-12-09 15:30:26,717-yfinance-DEBUG:     Exiting _get_cookie_and_crumb()
2025-12-09 15:30:26,839-yfinance-DEBUG:response code=200
2025-12-09 15:30:26,839-yfinance-DEBUG:    Exiting _make_request()
2025-12-09 15:30:26,840-yfinance-DEBUG:   Exiting get()
2025-12-09 15:30:26,841-yfinance-DEBUG:META: yfinance received OHLC data: 2025-12-03 14:30:00 -> 2025-12-09 15:30:25
2025-12-09 15:30:26,845-yfinance-DEBUG:META: OHLC after cleaning: 2025-12-03 09:30:00-05:00 -> 2025-12-09 10:30:25-05:00
2025-12-09 15:30:26,848-yfinance-DEBUG:META: OHLC after combining events: 2025-12-03 09:30:00-05:00 -> 2025-12-09 10:30:25-05:00
2025-12-09 15:30:26,854-yfinance-DEBUG:META: yfinance returning OHLC: 2025-12-03 09:30:00-05:00 -> 2025-12-09 10:30:00-05:00
2025-12-09 15:30:26,854-yfinance-DEBUG:  Exiting history()
2025-12-09 15:30:26,854-yfinance-DEBUG: Exiting history()
2025-12-09 15:30:26,854-yfinance-DEBUG: Entering history()
2025-12-09 15:30:26,854-peewee-DEBUG:('SELECT "t1"."key", "t1"."value" FROM "_tz_kv" AS "t1" WHERE ("t1"."key" = ?) LIMIT ? OFFSET ?', ['GOOG', 1, 0])
2025-12-09 15:30:26,855-yfinance-DEBUG:  Entering history()
2025-12-09 15:30:26,855-yfinance-DEBUG:GOOG: Yahoo GET parameters: {'range': '5d', 'interval': '1h', 'includePrePost': False, 'events': 'div,splits,capitalGains'}
2025-12-09 15:30:26,855-yfinance-DEBUG:   Entering get()
2025-12-09 15:30:26,855-yfinance-DEBUG:    Entering _make_request()
2025-12-09 15:30:26,855-yfinance-DEBUG:url=https://query2.finance.yahoo.com/v8/finance/chart/GOOG
2025-12-09 15:30:26,855-yfinance-DEBUG:params={'range': '5d', 'interval': '1h', 'includePrePost': False, 'events': 'div,splits,capitalGains'}
2025-12-09 15:30:26,855-yfinance-DEBUG:     Entering _get_cookie_and_crumb()
2025-12-09 15:30:26,855-yfinance-DEBUG:cookie_mode = 'basic'
2025-12-09 15:30:26,855-yfinance-DEBUG:      Entering _get_cookie_and_crumb_basic()
2025-12-09 15:30:26,855-yfinance-DEBUG:       Entering _get_cookie_basic()
2025-12-09 15:30:26,855-yfinance-DEBUG:reusing cookie
2025-12-09 15:30:26,855-yfinance-DEBUG:       Exiting _get_cookie_basic()
2025-12-09 15:30:26,855-yfinance-DEBUG:       Entering _get_crumb_basic()
2025-12-09 15:30:26,855-yfinance-DEBUG:reusing crumb
2025-12-09 15:30:26,855-yfinance-DEBUG:       Exiting _get_crumb_basic()
2025-12-09 15:30:26,855-yfinance-DEBUG:      Exiting _get_cookie_and_crumb_basic()
2025-12-09 15:30:26,856-yfinance-DEBUG:     Exiting _get_cookie_and_crumb()
2025-12-09 15:30:26,997-yfinance-DEBUG:response code=200
2025-12-09 15:30:26,997-yfinance-DEBUG:    Exiting _make_request()
2025-12-09 15:30:26,997-yfinance-DEBUG:   Exiting get()
2025-12-09 15:30:26,998-yfinance-DEBUG:GOOG: yfinance received OHLC data: 2025-12-03 14:30:00 -> 2025-12-09 15:30:25
2025-12-09 15:30:27,002-yfinance-DEBUG:GOOG: OHLC after cleaning: 2025-12-03 09:30:00-05:00 -> 2025-12-09 10:30:25-05:00
2025-12-09 15:30:27,005-yfinance-DEBUG:GOOG: OHLC after combining events: 2025-12-03 09:30:00-05:00 -> 2025-12-09 10:30:25-05:00
2025-12-09 15:30:27,011-yfinance-DEBUG:GOOG: yfinance returning OHLC: 2025-12-03 09:30:00-05:00 -> 2025-12-09 10:30:00-05:00
2025-12-09 15:30:27,011-yfinance-DEBUG:  Exiting history()
2025-12-09 15:30:27,011-yfinance-DEBUG: Exiting history()
2025-12-09 15:30:27,011-yfinance-DEBUG: Entering history()
2025-12-09 15:30:27,012-peewee-DEBUG:('SELECT "t1"."key", "t1"."value" FROM "_tz_kv" AS "t1" WHERE ("t1"."key" = ?) LIMIT ? OFFSET ?', ['AMZN', 1, 0])
2025-12-09 15:30:27,012-yfinance-DEBUG:  Entering history()
2025-12-09 15:30:27,012-yfinance-DEBUG:AMZN: Yahoo GET parameters: {'range': '5d', 'interval': '1h', 'includePrePost': False, 'events': 'div,splits,capitalGains'}
2025-12-09 15:30:27,012-yfinance-DEBUG:   Entering get()
2025-12-09 15:30:27,012-yfinance-DEBUG:    Entering _make_request()
2025-12-09 15:30:27,012-yfinance-DEBUG:url=https://query2.finance.yahoo.com/v8/finance/chart/AMZN
2025-12-09 15:30:27,012-yfinance-DEBUG:params={'range': '5d', 'interval': '1h', 'includePrePost': False, 'events': 'div,splits,capitalGains'}
2025-12-09 15:30:27,012-yfinance-DEBUG:     Entering _get_cookie_and_crumb()
2025-12-09 15:30:27,012-yfinance-DEBUG:cookie_mode = 'basic'
2025-12-09 15:30:27,012-yfinance-DEBUG:      Entering _get_cookie_and_crumb_basic()
2025-12-09 15:30:27,012-yfinance-DEBUG:       Entering _get_cookie_basic()
2025-12-09 15:30:27,012-yfinance-DEBUG:reusing cookie
2025-12-09 15:30:27,012-yfinance-DEBUG:       Exiting _get_cookie_basic()
2025-12-09 15:30:27,013-yfinance-DEBUG:       Entering _get_crumb_basic()
2025-12-09 15:30:27,013-yfinance-DEBUG:reusing crumb
2025-12-09 15:30:27,013-yfinance-DEBUG:       Exiting _get_crumb_basic()
2025-12-09 15:30:27,013-yfinance-DEBUG:      Exiting _get_cookie_and_crumb_basic()
2025-12-09 15:30:27,013-yfinance-DEBUG:     Exiting _get_cookie_and_crumb()
2025-12-09 15:30:27,135-yfinance-DEBUG:response code=200
2025-12-09 15:30:27,135-yfinance-DEBUG:    Exiting _make_request()
2025-12-09 15:30:27,135-yfinance-DEBUG:   Exiting get()
2025-12-09 15:30:27,136-yfinance-DEBUG:AMZN: yfinance received OHLC data: 2025-12-03 14:30:00 -> 2025-12-09 15:30:25
2025-12-09 15:30:27,141-yfinance-DEBUG:AMZN: OHLC after cleaning: 2025-12-03 09:30:00-05:00 -> 2025-12-09 10:30:25-05:00
2025-12-09 15:30:27,143-yfinance-DEBUG:AMZN: OHLC after combining events: 2025-12-03 09:30:00-05:00 -> 2025-12-09 10:30:25-05:00
2025-12-09 15:30:27,149-yfinance-DEBUG:AMZN: yfinance returning OHLC: 2025-12-03 09:30:00-05:00 -> 2025-12-09 10:30:00-05:00
2025-12-09 15:30:27,149-yfinance-DEBUG:  Exiting history()
2025-12-09 15:30:27,149-yfinance-DEBUG: Exiting history()
2025-12-09 15:30:27,150-yfinance-DEBUG: Entering history()
2025-12-09 15:30:27,150-peewee-DEBUG:('SELECT "t1"."key", "t1"."value" FROM "_tz_kv" AS "t1" WHERE ("t1"."key" = ?) LIMIT ? OFFSET ?', ['NFLX', 1, 0])
2025-12-09 15:30:27,150-yfinance-DEBUG:  Entering history()
2025-12-09 15:30:27,150-yfinance-DEBUG:NFLX: Yahoo GET parameters: {'range': '5d', 'interval': '1h', 'includePrePost': False, 'events': 'div,splits,capitalGains'}
2025-12-09 15:30:27,150-yfinance-DEBUG:   Entering get()
2025-12-09 15:30:27,150-yfinance-DEBUG:    Entering _make_request()
2025-12-09 15:30:27,150-yfinance-DEBUG:url=https://query2.finance.yahoo.com/v8/finance/chart/NFLX
2025-12-09 15:30:27,150-yfinance-DEBUG:params={'range': '5d', 'interval': '1h', 'includePrePost': False, 'events': 'div,splits,capitalGains'}
2025-12-09 15:30:27,150-yfinance-DEBUG:     Entering _get_cookie_and_crumb()
2025-12-09 15:30:27,151-yfinance-DEBUG:cookie_mode = 'basic'
2025-12-09 15:30:27,151-yfinance-DEBUG:      Entering _get_cookie_and_crumb_basic()
2025-12-09 15:30:27,151-yfinance-DEBUG:       Entering _get_cookie_basic()
2025-12-09 15:30:27,151-yfinance-DEBUG:reusing cookie
2025-12-09 15:30:27,151-yfinance-DEBUG:       Exiting _get_cookie_basic()
2025-12-09 15:30:27,151-yfinance-DEBUG:       Entering _get_crumb_basic()
2025-12-09 15:30:27,151-yfinance-DEBUG:reusing crumb
2025-12-09 15:30:27,151-yfinance-DEBUG:       Exiting _get_crumb_basic()
2025-12-09 15:30:27,151-yfinance-DEBUG:      Exiting _get_cookie_and_crumb_basic()
2025-12-09 15:30:27,151-yfinance-DEBUG:     Exiting _get_cookie_and_crumb()
2025-12-09 15:30:27,282-yfinance-DEBUG:response code=200
2025-12-09 15:30:27,282-yfinance-DEBUG:    Exiting _make_request()
2025-12-09 15:30:27,282-yfinance-DEBUG:   Exiting get()
2025-12-09 15:30:27,283-yfinance-DEBUG:NFLX: yfinance received OHLC data: 2025-12-03 14:30:00 -> 2025-12-09 15:30:25
2025-12-09 15:30:27,287-yfinance-DEBUG:NFLX: OHLC after cleaning: 2025-12-03 09:30:00-05:00 -> 2025-12-09 10:30:25-05:00
2025-12-09 15:30:27,289-yfinance-DEBUG:NFLX: OHLC after combining events: 2025-12-03 09:30:00-05:00 -> 2025-12-09 10:30:25-05:00
2025-12-09 15:30:27,295-yfinance-DEBUG:NFLX: yfinance returning OHLC: 2025-12-03 09:30:00-05:00 -> 2025-12-09 10:30:00-05:00
2025-12-09 15:30:27,295-yfinance-DEBUG:  Exiting history()
2025-12-09 15:30:27,295-yfinance-DEBUG: Exiting history()
2025-12-09 15:30:27,297-yfinance-DEBUG:Exiting download()
2025-12-09 15:30:27,297-app_logger-DEBUG:yFinance Data extraction successful.
2025-12-09 15:30:27,300-app_logger-DEBUG:yFinance CSV File 20251209-153027.csv generated in Staging folder.
2025-12-09 15:30:27,300-app_logger-DEBUG:Archived: 20251209-151308.csv to ./data/archive/20251209-151308.csv
2025-12-09 15:30:27,300-app_logger-DEBUG:yFinance CSV File 20251209-153027.csv moved to data folder.
2025-12-09 15:30:27,300-app_logger-DEBUG:FAANG data retrieval process completed.
2025-12-09 15:30:27,304-app_logger-DEBUG:Successfully read the CSV file ./data/20251209-153027.csv
2025-12-09 15:30:27,308-matplotlib.pyplot-DEBUG:Loaded backend agg version v2.2.
2025-12-09 15:30:27,313-matplotlib.font_manager-DEBUG:findfont: Matching sans\-serif:style=normal:variant=normal:weight=normal:stretch=normal:size=10.0.
2025-12-09 15:30:27,313-matplotlib.font_manager-DEBUG:findfont: score(FontEntry(fname='/home/codespace/.local/lib/python3.12/site-packages/matplotlib/mpl-data/fonts/ttf/cmex10.ttf', name='cmex10', style='normal', variant='normal', weight=400, stretch='normal', size='scalable')) = 10.05
2025-12-09 15:30:27,313-matplotlib.font_manager-DEBUG:findfont: score(FontEntry(fname='/home/codespace/.local/lib/python3.12/site-packages/matplotlib/mpl-data/fonts/ttf/DejaVuSansMono-Oblique.ttf', name='DejaVu Sans Mono', style='oblique', variant='normal', weight=400, stretch='normal', size='scalable')) = 11.05
2025-12-09 15:30:27,313-matplotlib.font_manager-DEBUG:findfont: score(FontEntry(fname='/home/codespace/.local/lib/python3.12/site-packages/matplotlib/mpl-data/fonts/ttf/DejaVuSerif-BoldItalic.ttf', name='DejaVu Serif', style='italic', variant='normal', weight=700, stretch='normal', size='scalable')) = 11.335
2025-12-09 15:30:27,314-matplotlib.font_manager-DEBUG:findfont: score(FontEntry(fname='/home/codespace/.local/lib/python3.12/site-packages/matplotlib/mpl-data/fonts/ttf/DejaVuSansMono.ttf', name='DejaVu Sans Mono', style='normal', variant='normal', weight=400, stretch='normal', size='scalable')) = 10.05
2025-12-09 15:30:27,314-matplotlib.font_manager-DEBUG:findfont: score(FontEntry(fname='/home/codespace/.local/lib/python3.12/site-packages/matplotlib/mpl-data/fonts/ttf/cmr10.ttf', name='cmr10', style='normal', variant='normal', weight=400, stretch='normal', size='scalable')) = 10.05
2025-12-09 15:30:27,314-matplotlib.font_manager-DEBUG:findfont: score(FontEntry(fname='/home/codespace/.local/lib/python3.12/site-packages/matplotlib/mpl-data/fonts/ttf/STIXSizOneSymReg.ttf', name='STIXSizeOneSym', style='normal', variant='normal', weight=400, stretch='normal', size='scalable')) = 10.05
2025-12-09 15:30:27,314-matplotlib.font_manager-DEBUG:findfont: score(FontEntry(fname='/home/codespace/.local/lib/python3.12/site-packages/matplotlib/mpl-data/fonts/ttf/STIXSizFiveSymReg.ttf', name='STIXSizeFiveSym', style='normal', variant='normal', weight=400, stretch='normal', size='scalable')) = 10.05
2025-12-09 15:30:27,314-matplotlib.font_manager-DEBUG:findfont: score(FontEntry(fname='/home/codespace/.local/lib/python3.12/site-packages/matplotlib/mpl-data/fonts/ttf/STIXSizFourSymBol.ttf', name='STIXSizeFourSym', style='normal', variant='normal', weight=700, stretch='normal', size='scalable')) = 10.335
2025-12-09 15:30:27,314-matplotlib.font_manager-DEBUG:findfont: score(FontEntry(fname='/home/codespace/.local/lib/python3.12/site-packages/matplotlib/mpl-data/fonts/ttf/STIXNonUni.ttf', name='STIXNonUnicode', style='normal', variant='normal', weight=400, stretch='normal', size='scalable')) = 10.05
2025-12-09 15:30:27,314-matplotlib.font_manager-DEBUG:findfont: score(FontEntry(fname='/home/codespace/.local/lib/python3.12/site-packages/matplotlib/mpl-data/fonts/ttf/DejaVuSerifDisplay.ttf', name='DejaVu Serif Display', style='normal', variant='normal', weight=400, stretch='normal', size='scalable')) = 10.05
2025-12-09 15:30:27,314-matplotlib.font_manager-DEBUG:findfont: score(FontEntry(fname='/home/codespace/.local/lib/python3.12/site-packages/matplotlib/mpl-data/fonts/ttf/DejaVuSans-Bold.ttf', name='DejaVu Sans', style='normal', variant='normal', weight=700, stretch='normal', size='scalable')) = 0.33499999999999996
2025-12-09 15:30:27,314-matplotlib.font_manager-DEBUG:findfont: score(FontEntry(fname='/home/codespace/.local/lib/python3.12/site-packages/matplotlib/mpl-data/fonts/ttf/STIXGeneralItalic.ttf', name='STIXGeneral', style='italic', variant='normal', weight=400, stretch='normal', size='scalable')) = 11.05
2025-12-09 15:30:27,314-matplotlib.font_manager-DEBUG:findfont: score(FontEntry(fname='/home/codespace/.local/lib/python3.12/site-packages/matplotlib/mpl-data/fonts/ttf/STIXNonUniIta.ttf', name='STIXNonUnicode', style='italic', variant='normal', weight=400, stretch='normal', size='scalable')) = 11.05
2025-12-09 15:30:27,314-matplotlib.font_manager-DEBUG:findfont: score(FontEntry(fname='/home/codespace/.local/lib/python3.12/site-packages/matplotlib/mpl-data/fonts/ttf/DejaVuSerif-Italic.ttf', name='DejaVu Serif', style='italic', variant='normal', weight=400, stretch='normal', size='scalable')) = 11.05
2025-12-09 15:30:27,314-matplotlib.font_manager-DEBUG:findfont: score(FontEntry(fname='/home/codespace/.local/lib/python3.12/site-packages/matplotlib/mpl-data/fonts/ttf/STIXGeneralBolIta.ttf', name='STIXGeneral', style='italic', variant='normal', weight=700, stretch='normal', size='scalable')) = 11.335
2025-12-09 15:30:27,314-matplotlib.font_manager-DEBUG:findfont: score(FontEntry(fname='/home/codespace/.local/lib/python3.12/site-packages/matplotlib/mpl-data/fonts/ttf/cmb10.ttf', name='cmb10', style='normal', variant='normal', weight=400, stretch='normal', size='scalable')) = 10.05
2025-12-09 15:30:27,314-matplotlib.font_manager-DEBUG:findfont: score(FontEntry(fname='/home/codespace/.local/lib/python3.12/site-packages/matplotlib/mpl-data/fonts/ttf/STIXNonUniBolIta.ttf', name='STIXNonUnicode', style='italic', variant='normal', weight=700, stretch='normal', size='scalable')) = 11.335
2025-12-09 15:30:27,314-matplotlib.font_manager-DEBUG:findfont: score(FontEntry(fname='/home/codespace/.local/lib/python3.12/site-packages/matplotlib/mpl-data/fonts/ttf/DejaVuSansMono-Bold.ttf', name='DejaVu Sans Mono', style='normal', variant='normal', weight=700, stretch='normal', size='scalable')) = 10.335
2025-12-09 15:30:27,314-matplotlib.font_manager-DEBUG:findfont: score(FontEntry(fname='/home/codespace/.local/lib/python3.12/site-packages/matplotlib/mpl-data/fonts/ttf/STIXSizThreeSymReg.ttf', name='STIXSizeThreeSym', style='normal', variant='normal', weight=400, stretch='normal', size='scalable')) = 10.05
2025-12-09 15:30:27,314-matplotlib.font_manager-DEBUG:findfont: score(FontEntry(fname='/home/codespace/.local/lib/python3.12/site-packages/matplotlib/mpl-data/fonts/ttf/cmmi10.ttf', name='cmmi10', style='normal', variant='normal', weight=400, stretch='normal', size='scalable')) = 10.05
2025-12-09 15:30:27,315-matplotlib.font_manager-DEBUG:findfont: score(FontEntry(fname='/home/codespace/.local/lib/python3.12/site-packages/matplotlib/mpl-data/fonts/ttf/STIXGeneral.ttf', name='STIXGeneral', style='normal', variant='normal', weight=400, stretch='normal', size='scalable')) = 10.05
2025-12-09 15:30:27,315-matplotlib.font_manager-DEBUG:findfont: score(FontEntry(fname='/home/codespace/.local/lib/python3.12/site-packages/matplotlib/mpl-data/fonts/ttf/DejaVuSerif-Bold.ttf', name='DejaVu Serif', style='normal', variant='normal', weight=700, stretch='normal', size='scalable')) = 10.335
2025-12-09 15:30:27,315-matplotlib.font_manager-DEBUG:findfont: score(FontEntry(fname='/home/codespace/.local/lib/python3.12/site-packages/matplotlib/mpl-data/fonts/ttf/STIXSizTwoSymBol.ttf', name='STIXSizeTwoSym', style='normal', variant='normal', weight=700, stretch='normal', size='scalable')) = 10.335
2025-12-09 15:30:27,315-matplotlib.font_manager-DEBUG:findfont: score(FontEntry(fname='/home/codespace/.local/lib/python3.12/site-packages/matplotlib/mpl-data/fonts/ttf/DejaVuSerif.ttf', name='DejaVu Serif', style='normal', variant='normal', weight=400, stretch='normal', size='scalable')) = 10.05
2025-12-09 15:30:27,315-matplotlib.font_manager-DEBUG:findfont: score(FontEntry(fname='/home/codespace/.local/lib/python3.12/site-packages/matplotlib/mpl-data/fonts/ttf/STIXSizThreeSymBol.ttf', name='STIXSizeThreeSym', style='normal', variant='normal', weight=700, stretch='normal', size='scalable')) = 10.335
2025-12-09 15:30:27,315-matplotlib.font_manager-DEBUG:findfont: score(FontEntry(fname='/home/codespace/.local/lib/python3.12/site-packages/matplotlib/mpl-data/fonts/ttf/cmsy10.ttf', name='cmsy10', style='normal', variant='normal', weight=400, stretch='normal', size='scalable')) = 10.05
2025-12-09 15:30:27,315-matplotlib.font_manager-DEBUG:findfont: score(FontEntry(fname='/home/codespace/.local/lib/python3.12/site-packages/matplotlib/mpl-data/fonts/ttf/DejaVuSansMono-BoldOblique.ttf', name='DejaVu Sans Mono', style='oblique', variant='normal', weight=700, stretch='normal', size='scalable')) = 11.335
2025-12-09 15:30:27,315-matplotlib.font_manager-DEBUG:findfont: score(FontEntry(fname='/home/codespace/.local/lib/python3.12/site-packages/matplotlib/mpl-data/fonts/ttf/DejaVuSansDisplay.ttf', name='DejaVu Sans Display', style='normal', variant='normal', weight=400, stretch='normal', size='scalable')) = 10.05
2025-12-09 15:30:27,315-matplotlib.font_manager-DEBUG:findfont: score(FontEntry(fname='/home/codespace/.local/lib/python3.12/site-packages/matplotlib/mpl-data/fonts/ttf/DejaVuSans-Oblique.ttf', name='DejaVu Sans', style='oblique', variant='normal', weight=400, stretch='normal', size='scalable')) = 1.05
2025-12-09 15:30:27,315-matplotlib.font_manager-DEBUG:findfont: score(FontEntry(fname='/home/codespace/.local/lib/python3.12/site-packages/matplotlib/mpl-data/fonts/ttf/STIXGeneralBol.ttf', name='STIXGeneral', style='normal', variant='normal', weight=700, stretch='normal', size='scalable')) = 10.335
2025-12-09 15:30:27,315-matplotlib.font_manager-DEBUG:findfont: score(FontEntry(fname='/home/codespace/.local/lib/python3.12/site-packages/matplotlib/mpl-data/fonts/ttf/DejaVuSans.ttf', name='DejaVu Sans', style='normal', variant='normal', weight=400, stretch='normal', size='scalable')) = 0.05
2025-12-09 15:30:27,315-matplotlib.font_manager-DEBUG:findfont: score(FontEntry(fname='/home/codespace/.local/lib/python3.12/site-packages/matplotlib/mpl-data/fonts/ttf/STIXSizFourSymReg.ttf', name='STIXSizeFourSym', style='normal', variant='normal', weight=400, stretch='normal', size='scalable')) = 10.05
2025-12-09 15:30:27,315-matplotlib.font_manager-DEBUG:findfont: score(FontEntry(fname='/home/codespace/.local/lib/python3.12/site-packages/matplotlib/mpl-data/fonts/ttf/cmss10.ttf', name='cmss10', style='normal', variant='normal', weight=400, stretch='normal', size='scalable')) = 10.05
2025-12-09 15:30:27,315-matplotlib.font_manager-DEBUG:findfont: score(FontEntry(fname='/home/codespace/.local/lib/python3.12/site-packages/matplotlib/mpl-data/fonts/ttf/cmtt10.ttf', name='cmtt10', style='normal', variant='normal', weight=400, stretch='normal', size='scalable')) = 10.05
2025-12-09 15:30:27,315-matplotlib.font_manager-DEBUG:findfont: score(FontEntry(fname='/home/codespace/.local/lib/python3.12/site-packages/matplotlib/mpl-data/fonts/ttf/STIXSizTwoSymReg.ttf', name='STIXSizeTwoSym', style='normal', variant='normal', weight=400, stretch='normal', size='scalable')) = 10.05
2025-12-09 15:30:27,315-matplotlib.font_manager-DEBUG:findfont: score(FontEntry(fname='/home/codespace/.local/lib/python3.12/site-packages/matplotlib/mpl-data/fonts/ttf/STIXNonUniBol.ttf', name='STIXNonUnicode', style='normal', variant='normal', weight=700, stretch='normal', size='scalable')) = 10.335
2025-12-09 15:30:27,316-matplotlib.font_manager-DEBUG:findfont: score(FontEntry(fname='/home/codespace/.local/lib/python3.12/site-packages/matplotlib/mpl-data/fonts/ttf/STIXSizOneSymBol.ttf', name='STIXSizeOneSym', style='normal', variant='normal', weight=700, stretch='normal', size='scalable')) = 10.335
2025-12-09 15:30:27,316-matplotlib.font_manager-DEBUG:findfont: score(FontEntry(fname='/home/codespace/.local/lib/python3.12/site-packages/matplotlib/mpl-data/fonts/ttf/DejaVuSans-BoldOblique.ttf', name='DejaVu Sans', style='oblique', variant='normal', weight=700, stretch='normal', size='scalable')) = 1.335
2025-12-09 15:30:27,316-matplotlib.font_manager-DEBUG:findfont: score(FontEntry(fname='/usr/share/fonts/truetype/dejavu/DejaVuSansMono-BoldOblique.ttf', name='DejaVu Sans Mono', style='oblique', variant='normal', weight=700, stretch='normal', size='scalable')) = 11.335
2025-12-09 15:30:27,316-matplotlib.font_manager-DEBUG:findfont: score(FontEntry(fname='/usr/share/fonts/truetype/dejavu/DejaVuSans-Bold.ttf', name='DejaVu Sans', style='normal', variant='normal', weight=700, stretch='normal', size='scalable')) = 0.33499999999999996
2025-12-09 15:30:27,316-matplotlib.font_manager-DEBUG:findfont: score(FontEntry(fname='/usr/share/fonts/truetype/dejavu/DejaVuSansMono-Bold.ttf', name='DejaVu Sans Mono', style='normal', variant='normal', weight=700, stretch='normal', size='scalable')) = 10.335
2025-12-09 15:30:27,316-matplotlib.font_manager-DEBUG:findfont: score(FontEntry(fname='/usr/share/fonts/truetype/dejavu/DejaVuSans.ttf', name='DejaVu Sans', style='normal', variant='normal', weight=400, stretch='normal', size='scalable')) = 0.05
2025-12-09 15:30:27,316-matplotlib.font_manager-DEBUG:findfont: score(FontEntry(fname='/usr/share/fonts/truetype/dejavu/DejaVuSerif-Bold.ttf', name='DejaVu Serif', style='normal', variant='normal', weight=700, stretch='normal', size='scalable')) = 10.335
2025-12-09 15:30:27,316-matplotlib.font_manager-DEBUG:findfont: score(FontEntry(fname='/usr/share/fonts/truetype/dejavu/DejaVuSansMono-Oblique.ttf', name='DejaVu Sans Mono', style='oblique', variant='normal', weight=400, stretch='normal', size='scalable')) = 11.05
2025-12-09 15:30:27,316-matplotlib.font_manager-DEBUG:findfont: score(FontEntry(fname='/usr/share/fonts/truetype/dejavu/DejaVuSansMono.ttf', name='DejaVu Sans Mono', style='normal', variant='normal', weight=400, stretch='normal', size='scalable')) = 10.05
2025-12-09 15:30:27,316-matplotlib.font_manager-DEBUG:findfont: score(FontEntry(fname='/usr/share/fonts/truetype/dejavu/DejaVuSerif.ttf', name='DejaVu Serif', style='normal', variant='normal', weight=400, stretch='normal', size='scalable')) = 10.05
2025-12-09 15:30:27,316-matplotlib.font_manager-DEBUG:findfont: Matching sans\-serif:style=normal:variant=normal:weight=normal:stretch=normal:size=10.0 to DejaVu Sans ('/home/codespace/.local/lib/python3.12/site-packages/matplotlib/mpl-data/fonts/ttf/DejaVuSans.ttf') with score of 0.050000.
2025-12-09 15:30:27,323-matplotlib.category-INFO:Using categorical units to plot a list of strings that are all parsable as floats or dates. If these strings should be plotted as numbers, cast to the appropriate data type before plotting.
2025-12-09 15:30:27,326-matplotlib.category-INFO:Using categorical units to plot a list of strings that are all parsable as floats or dates. If these strings should be plotted as numbers, cast to the appropriate data type before plotting.
2025-12-09 15:30:27,328-matplotlib.category-INFO:Using categorical units to plot a list of strings that are all parsable as floats or dates. If these strings should be plotted as numbers, cast to the appropriate data type before plotting.
2025-12-09 15:30:27,330-matplotlib.category-INFO:Using categorical units to plot a list of strings that are all parsable as floats or dates. If these strings should be plotted as numbers, cast to the appropriate data type before plotting.
2025-12-09 15:30:27,333-matplotlib.category-INFO:Using categorical units to plot a list of strings that are all parsable as floats or dates. If these strings should be plotted as numbers, cast to the appropriate data type before plotting.
2025-12-09 15:30:27,335-matplotlib.category-INFO:Using categorical units to plot a list of strings that are all parsable as floats or dates. If these strings should be plotted as numbers, cast to the appropriate data type before plotting.
2025-12-09 15:30:27,337-matplotlib.category-INFO:Using categorical units to plot a list of strings that are all parsable as floats or dates. If these strings should be plotted as numbers, cast to the appropriate data type before plotting.
2025-12-09 15:30:27,339-matplotlib.category-INFO:Using categorical units to plot a list of strings that are all parsable as floats or dates. If these strings should be plotted as numbers, cast to the appropriate data type before plotting.
2025-12-09 15:30:27,343-matplotlib.category-INFO:Using categorical units to plot a list of strings that are all parsable as floats or dates. If these strings should be plotted as numbers, cast to the appropriate data type before plotting.
2025-12-09 15:30:27,346-matplotlib.category-INFO:Using categorical units to plot a list of strings that are all parsable as floats or dates. If these strings should be plotted as numbers, cast to the appropriate data type before plotting.
2025-12-09 15:30:27,384-matplotlib.font_manager-DEBUG:findfont: Matching sans\-serif:style=normal:variant=normal:weight=normal:stretch=normal:size=12.0.
2025-12-09 15:30:27,384-matplotlib.font_manager-DEBUG:findfont: score(FontEntry(fname='/home/codespace/.local/lib/python3.12/site-packages/matplotlib/mpl-data/fonts/ttf/cmex10.ttf', name='cmex10', style='normal', variant='normal', weight=400, stretch='normal', size='scalable')) = 10.05
2025-12-09 15:30:27,385-matplotlib.font_manager-DEBUG:findfont: score(FontEntry(fname='/home/codespace/.local/lib/python3.12/site-packages/matplotlib/mpl-data/fonts/ttf/DejaVuSansMono-Oblique.ttf', name='DejaVu Sans Mono', style='oblique', variant='normal', weight=400, stretch='normal', size='scalable')) = 11.05
2025-12-09 15:30:27,385-matplotlib.font_manager-DEBUG:findfont: score(FontEntry(fname='/home/codespace/.local/lib/python3.12/site-packages/matplotlib/mpl-data/fonts/ttf/DejaVuSerif-BoldItalic.ttf', name='DejaVu Serif', style='italic', variant='normal', weight=700, stretch='normal', size='scalable')) = 11.335
2025-12-09 15:30:27,385-matplotlib.font_manager-DEBUG:findfont: score(FontEntry(fname='/home/codespace/.local/lib/python3.12/site-packages/matplotlib/mpl-data/fonts/ttf/DejaVuSansMono.ttf', name='DejaVu Sans Mono', style='normal', variant='normal', weight=400, stretch='normal', size='scalable')) = 10.05
2025-12-09 15:30:27,385-matplotlib.font_manager-DEBUG:findfont: score(FontEntry(fname='/home/codespace/.local/lib/python3.12/site-packages/matplotlib/mpl-data/fonts/ttf/cmr10.ttf', name='cmr10', style='normal', variant='normal', weight=400, stretch='normal', size='scalable')) = 10.05
2025-12-09 15:30:27,385-matplotlib.font_manager-DEBUG:findfont: score(FontEntry(fname='/home/codespace/.local/lib/python3.12/site-packages/matplotlib/mpl-data/fonts/ttf/STIXSizOneSymReg.ttf', name='STIXSizeOneSym', style='normal', variant='normal', weight=400, stretch='normal', size='scalable')) = 10.05
2025-12-09 15:30:27,385-matplotlib.font_manager-DEBUG:findfont: score(FontEntry(fname='/home/codespace/.local/lib/python3.12/site-packages/matplotlib/mpl-data/fonts/ttf/STIXSizFiveSymReg.ttf', name='STIXSizeFiveSym', style='normal', variant='normal', weight=400, stretch='normal', size='scalable')) = 10.05
2025-12-09 15:30:27,385-matplotlib.font_manager-DEBUG:findfont: score(FontEntry(fname='/home/codespace/.local/lib/python3.12/site-packages/matplotlib/mpl-data/fonts/ttf/STIXSizFourSymBol.ttf', name='STIXSizeFourSym', style='normal', variant='normal', weight=700, stretch='normal', size='scalable')) = 10.335
2025-12-09 15:30:27,385-matplotlib.font_manager-DEBUG:findfont: score(FontEntry(fname='/home/codespace/.local/lib/python3.12/site-packages/matplotlib/mpl-data/fonts/ttf/STIXNonUni.ttf', name='STIXNonUnicode', style='normal', variant='normal', weight=400, stretch='normal', size='scalable')) = 10.05
2025-12-09 15:30:27,385-matplotlib.font_manager-DEBUG:findfont: score(FontEntry(fname='/home/codespace/.local/lib/python3.12/site-packages/matplotlib/mpl-data/fonts/ttf/DejaVuSerifDisplay.ttf', name='DejaVu Serif Display', style='normal', variant='normal', weight=400, stretch='normal', size='scalable')) = 10.05
2025-12-09 15:30:27,385-matplotlib.font_manager-DEBUG:findfont: score(FontEntry(fname='/home/codespace/.local/lib/python3.12/site-packages/matplotlib/mpl-data/fonts/ttf/DejaVuSans-Bold.ttf', name='DejaVu Sans', style='normal', variant='normal', weight=700, stretch='normal', size='scalable')) = 0.33499999999999996
2025-12-09 15:30:27,385-matplotlib.font_manager-DEBUG:findfont: score(FontEntry(fname='/home/codespace/.local/lib/python3.12/site-packages/matplotlib/mpl-data/fonts/ttf/STIXGeneralItalic.ttf', name='STIXGeneral', style='italic', variant='normal', weight=400, stretch='normal', size='scalable')) = 11.05
2025-12-09 15:30:27,385-matplotlib.font_manager-DEBUG:findfont: score(FontEntry(fname='/home/codespace/.local/lib/python3.12/site-packages/matplotlib/mpl-data/fonts/ttf/STIXNonUniIta.ttf', name='STIXNonUnicode', style='italic', variant='normal', weight=400, stretch='normal', size='scalable')) = 11.05
2025-12-09 15:30:27,385-matplotlib.font_manager-DEBUG:findfont: score(FontEntry(fname='/home/codespace/.local/lib/python3.12/site-packages/matplotlib/mpl-data/fonts/ttf/DejaVuSerif-Italic.ttf', name='DejaVu Serif', style='italic', variant='normal', weight=400, stretch='normal', size='scalable')) = 11.05
2025-12-09 15:30:27,385-matplotlib.font_manager-DEBUG:findfont: score(FontEntry(fname='/home/codespace/.local/lib/python3.12/site-packages/matplotlib/mpl-data/fonts/ttf/STIXGeneralBolIta.ttf', name='STIXGeneral', style='italic', variant='normal', weight=700, stretch='normal', size='scalable')) = 11.335
2025-12-09 15:30:27,385-matplotlib.font_manager-DEBUG:findfont: score(FontEntry(fname='/home/codespace/.local/lib/python3.12/site-packages/matplotlib/mpl-data/fonts/ttf/cmb10.ttf', name='cmb10', style='normal', variant='normal', weight=400, stretch='normal', size='scalable')) = 10.05
2025-12-09 15:30:27,386-matplotlib.font_manager-DEBUG:findfont: score(FontEntry(fname='/home/codespace/.local/lib/python3.12/site-packages/matplotlib/mpl-data/fonts/ttf/STIXNonUniBolIta.ttf', name='STIXNonUnicode', style='italic', variant='normal', weight=700, stretch='normal', size='scalable')) = 11.335
2025-12-09 15:30:27,386-matplotlib.font_manager-DEBUG:findfont: score(FontEntry(fname='/home/codespace/.local/lib/python3.12/site-packages/matplotlib/mpl-data/fonts/ttf/DejaVuSansMono-Bold.ttf', name='DejaVu Sans Mono', style='normal', variant='normal', weight=700, stretch='normal', size='scalable')) = 10.335
2025-12-09 15:30:27,386-matplotlib.font_manager-DEBUG:findfont: score(FontEntry(fname='/home/codespace/.local/lib/python3.12/site-packages/matplotlib/mpl-data/fonts/ttf/STIXSizThreeSymReg.ttf', name='STIXSizeThreeSym', style='normal', variant='normal', weight=400, stretch='normal', size='scalable')) = 10.05
2025-12-09 15:30:27,386-matplotlib.font_manager-DEBUG:findfont: score(FontEntry(fname='/home/codespace/.local/lib/python3.12/site-packages/matplotlib/mpl-data/fonts/ttf/cmmi10.ttf', name='cmmi10', style='normal', variant='normal', weight=400, stretch='normal', size='scalable')) = 10.05
2025-12-09 15:30:27,386-matplotlib.font_manager-DEBUG:findfont: score(FontEntry(fname='/home/codespace/.local/lib/python3.12/site-packages/matplotlib/mpl-data/fonts/ttf/STIXGeneral.ttf', name='STIXGeneral', style='normal', variant='normal', weight=400, stretch='normal', size='scalable')) = 10.05
2025-12-09 15:30:27,386-matplotlib.font_manager-DEBUG:findfont: score(FontEntry(fname='/home/codespace/.local/lib/python3.12/site-packages/matplotlib/mpl-data/fonts/ttf/DejaVuSerif-Bold.ttf', name='DejaVu Serif', style='normal', variant='normal', weight=700, stretch='normal', size='scalable')) = 10.335
2025-12-09 15:30:27,386-matplotlib.font_manager-DEBUG:findfont: score(FontEntry(fname='/home/codespace/.local/lib/python3.12/site-packages/matplotlib/mpl-data/fonts/ttf/STIXSizTwoSymBol.ttf', name='STIXSizeTwoSym', style='normal', variant='normal', weight=700, stretch='normal', size='scalable')) = 10.335
2025-12-09 15:30:27,386-matplotlib.font_manager-DEBUG:findfont: score(FontEntry(fname='/home/codespace/.local/lib/python3.12/site-packages/matplotlib/mpl-data/fonts/ttf/DejaVuSerif.ttf', name='DejaVu Serif', style='normal', variant='normal', weight=400, stretch='normal', size='scalable')) = 10.05
2025-12-09 15:30:27,386-matplotlib.font_manager-DEBUG:findfont: score(FontEntry(fname='/home/codespace/.local/lib/python3.12/site-packages/matplotlib/mpl-data/fonts/ttf/STIXSizThreeSymBol.ttf', name='STIXSizeThreeSym', style='normal', variant='normal', weight=700, stretch='normal', size='scalable')) = 10.335
2025-12-09 15:30:27,386-matplotlib.font_manager-DEBUG:findfont: score(FontEntry(fname='/home/codespace/.local/lib/python3.12/site-packages/matplotlib/mpl-data/fonts/ttf/cmsy10.ttf', name='cmsy10', style='normal', variant='normal', weight=400, stretch='normal', size='scalable')) = 10.05
2025-12-09 15:30:27,386-matplotlib.font_manager-DEBUG:findfont: score(FontEntry(fname='/home/codespace/.local/lib/python3.12/site-packages/matplotlib/mpl-data/fonts/ttf/DejaVuSansMono-BoldOblique.ttf', name='DejaVu Sans Mono', style='oblique', variant='normal', weight=700, stretch='normal', size='scalable')) = 11.335
2025-12-09 15:30:27,386-matplotlib.font_manager-DEBUG:findfont: score(FontEntry(fname='/home/codespace/.local/lib/python3.12/site-packages/matplotlib/mpl-data/fonts/ttf/DejaVuSansDisplay.ttf', name='DejaVu Sans Display', style='normal', variant='normal', weight=400, stretch='normal', size='scalable')) = 10.05
2025-12-09 15:30:27,386-matplotlib.font_manager-DEBUG:findfont: score(FontEntry(fname='/home/codespace/.local/lib/python3.12/site-packages/matplotlib/mpl-data/fonts/ttf/DejaVuSans-Oblique.ttf', name='DejaVu Sans', style='oblique', variant='normal', weight=400, stretch='normal', size='scalable')) = 1.05
2025-12-09 15:30:27,386-matplotlib.font_manager-DEBUG:findfont: score(FontEntry(fname='/home/codespace/.local/lib/python3.12/site-packages/matplotlib/mpl-data/fonts/ttf/STIXGeneralBol.ttf', name='STIXGeneral', style='normal', variant='normal', weight=700, stretch='normal', size='scalable')) = 10.335
2025-12-09 15:30:27,386-matplotlib.font_manager-DEBUG:findfont: score(FontEntry(fname='/home/codespace/.local/lib/python3.12/site-packages/matplotlib/mpl-data/fonts/ttf/DejaVuSans.ttf', name='DejaVu Sans', style='normal', variant='normal', weight=400, stretch='normal', size='scalable')) = 0.05
2025-12-09 15:30:27,387-matplotlib.font_manager-DEBUG:findfont: score(FontEntry(fname='/home/codespace/.local/lib/python3.12/site-packages/matplotlib/mpl-data/fonts/ttf/STIXSizFourSymReg.ttf', name='STIXSizeFourSym', style='normal', variant='normal', weight=400, stretch='normal', size='scalable')) = 10.05
2025-12-09 15:30:27,387-matplotlib.font_manager-DEBUG:findfont: score(FontEntry(fname='/home/codespace/.local/lib/python3.12/site-packages/matplotlib/mpl-data/fonts/ttf/cmss10.ttf', name='cmss10', style='normal', variant='normal', weight=400, stretch='normal', size='scalable')) = 10.05
2025-12-09 15:30:27,387-matplotlib.font_manager-DEBUG:findfont: score(FontEntry(fname='/home/codespace/.local/lib/python3.12/site-packages/matplotlib/mpl-data/fonts/ttf/cmtt10.ttf', name='cmtt10', style='normal', variant='normal', weight=400, stretch='normal', size='scalable')) = 10.05
2025-12-09 15:30:27,387-matplotlib.font_manager-DEBUG:findfont: score(FontEntry(fname='/home/codespace/.local/lib/python3.12/site-packages/matplotlib/mpl-data/fonts/ttf/STIXSizTwoSymReg.ttf', name='STIXSizeTwoSym', style='normal', variant='normal', weight=400, stretch='normal', size='scalable')) = 10.05
2025-12-09 15:30:27,387-matplotlib.font_manager-DEBUG:findfont: score(FontEntry(fname='/home/codespace/.local/lib/python3.12/site-packages/matplotlib/mpl-data/fonts/ttf/STIXNonUniBol.ttf', name='STIXNonUnicode', style='normal', variant='normal', weight=700, stretch='normal', size='scalable')) = 10.335
2025-12-09 15:30:27,387-matplotlib.font_manager-DEBUG:findfont: score(FontEntry(fname='/home/codespace/.local/lib/python3.12/site-packages/matplotlib/mpl-data/fonts/ttf/STIXSizOneSymBol.ttf', name='STIXSizeOneSym', style='normal', variant='normal', weight=700, stretch='normal', size='scalable')) = 10.335
2025-12-09 15:30:27,387-matplotlib.font_manager-DEBUG:findfont: score(FontEntry(fname='/home/codespace/.local/lib/python3.12/site-packages/matplotlib/mpl-data/fonts/ttf/DejaVuSans-BoldOblique.ttf', name='DejaVu Sans', style='oblique', variant='normal', weight=700, stretch='normal', size='scalable')) = 1.335
2025-12-09 15:30:27,388-matplotlib.font_manager-DEBUG:findfont: score(FontEntry(fname='/usr/share/fonts/truetype/dejavu/DejaVuSansMono-BoldOblique.ttf', name='DejaVu Sans Mono', style='oblique', variant='normal', weight=700, stretch='normal', size='scalable')) = 11.335
2025-12-09 15:30:27,388-matplotlib.font_manager-DEBUG:findfont: score(FontEntry(fname='/usr/share/fonts/truetype/dejavu/DejaVuSans-Bold.ttf', name='DejaVu Sans', style='normal', variant='normal', weight=700, stretch='normal', size='scalable')) = 0.33499999999999996
2025-12-09 15:30:27,388-matplotlib.font_manager-DEBUG:findfont: score(FontEntry(fname='/usr/share/fonts/truetype/dejavu/DejaVuSansMono-Bold.ttf', name='DejaVu Sans Mono', style='normal', variant='normal', weight=700, stretch='normal', size='scalable')) = 10.335
2025-12-09 15:30:27,388-matplotlib.font_manager-DEBUG:findfont: score(FontEntry(fname='/usr/share/fonts/truetype/dejavu/DejaVuSans.ttf', name='DejaVu Sans', style='normal', variant='normal', weight=400, stretch='normal', size='scalable')) = 0.05
2025-12-09 15:30:27,388-matplotlib.font_manager-DEBUG:findfont: score(FontEntry(fname='/usr/share/fonts/truetype/dejavu/DejaVuSerif-Bold.ttf', name='DejaVu Serif', style='normal', variant='normal', weight=700, stretch='normal', size='scalable')) = 10.335
2025-12-09 15:30:27,388-matplotlib.font_manager-DEBUG:findfont: score(FontEntry(fname='/usr/share/fonts/truetype/dejavu/DejaVuSansMono-Oblique.ttf', name='DejaVu Sans Mono', style='oblique', variant='normal', weight=400, stretch='normal', size='scalable')) = 11.05
2025-12-09 15:30:27,388-matplotlib.font_manager-DEBUG:findfont: score(FontEntry(fname='/usr/share/fonts/truetype/dejavu/DejaVuSansMono.ttf', name='DejaVu Sans Mono', style='normal', variant='normal', weight=400, stretch='normal', size='scalable')) = 10.05
2025-12-09 15:30:27,388-matplotlib.font_manager-DEBUG:findfont: score(FontEntry(fname='/usr/share/fonts/truetype/dejavu/DejaVuSerif.ttf', name='DejaVu Serif', style='normal', variant='normal', weight=400, stretch='normal', size='scalable')) = 10.05
2025-12-09 15:30:27,388-matplotlib.font_manager-DEBUG:findfont: Matching sans\-serif:style=normal:variant=normal:weight=normal:stretch=normal:size=12.0 to DejaVu Sans ('/home/codespace/.local/lib/python3.12/site-packages/matplotlib/mpl-data/fonts/ttf/DejaVuSans.ttf') with score of 0.050000.
2025-12-09 15:30:27,397-app_logger-DEBUG:Plot generated from CSV file.
2025-12-09 15:30:27,749-app_logger-DEBUG:Plot saved to file ./data/plots/20251209-153027.png
2025-12-09 15:34:54,201-app_logger-DEBUG:Starting FAANG data retrieval process for META, AAPL, AMZN, NFLX, GOOG with interval '1h' over period '5d'.
2025-12-09 15:34:54,711-app_logger-DEBUG:yFinance Data extraction successful.
2025-12-09 15:34:54,715-app_logger-DEBUG:yFinance CSV File 20251209-153454.csv generated in Staging folder.
2025-12-09 15:34:54,715-app_logger-DEBUG:Archived: 20251209-153027.csv to ./data/archive/20251209-153027.csv
2025-12-09 15:34:54,715-app_logger-DEBUG:yFinance CSV File 20251209-153454.csv moved to data folder.
2025-12-09 15:34:54,715-app_logger-DEBUG:FAANG data retrieval process completed.
2025-12-09 15:34:54,718-app_logger-DEBUG:Successfully read the CSV file ./data/20251209-153454.csv
2025-12-09 15:34:54,790-app_logger-DEBUG:Plot generated from CSV file.
2025-12-09 15:34:55,110-app_logger-DEBUG:Plot saved to file ./data/plots/20251209-153454.png
2025-12-09 15:46:50,479-app_logger-DEBUG:Starting FAANG data retrieval process for META, AAPL, AMZN, NFLX, GOOG with interval '1h' over period '5d'.
2025-12-09 15:46:51,015-app_logger-DEBUG:yFinance Data extraction successful.
2025-12-09 15:46:51,018-app_logger-DEBUG:yFinance CSV File 20251209-154651.csv generated in Staging folder.
2025-12-09 15:46:51,019-app_logger-DEBUG:Archived: 20251209-153454.csv to ./data/archive/20251209-153454.csv
2025-12-09 15:46:51,019-app_logger-DEBUG:yFinance CSV File 20251209-154651.csv moved to data folder.
2025-12-09 15:46:51,019-app_logger-DEBUG:FAANG data retrieval process completed.
2025-12-09 15:46:51,022-app_logger-DEBUG:Successfully read the CSV file ./data/20251209-154651.csv
2025-12-09 15:46:51,024-matplotlib.pyplot-DEBUG:Loaded backend agg version v2.2.
2025-12-09 15:46:51,029-matplotlib.font_manager-DEBUG:findfont: Matching sans\-serif:style=normal:variant=normal:weight=normal:stretch=normal:size=10.0.
2025-12-09 15:46:51,030-matplotlib.font_manager-DEBUG:findfont: score(FontEntry(fname='/home/codespace/.local/lib/python3.12/site-packages/matplotlib/mpl-data/fonts/ttf/cmex10.ttf', name='cmex10', style='normal', variant='normal', weight=400, stretch='normal', size='scalable')) = 10.05
2025-12-09 15:46:51,030-matplotlib.font_manager-DEBUG:findfont: score(FontEntry(fname='/home/codespace/.local/lib/python3.12/site-packages/matplotlib/mpl-data/fonts/ttf/DejaVuSansMono-Oblique.ttf', name='DejaVu Sans Mono', style='oblique', variant='normal', weight=400, stretch='normal', size='scalable')) = 11.05
2025-12-09 15:46:51,030-matplotlib.font_manager-DEBUG:findfont: score(FontEntry(fname='/home/codespace/.local/lib/python3.12/site-packages/matplotlib/mpl-data/fonts/ttf/DejaVuSerif-BoldItalic.ttf', name='DejaVu Serif', style='italic', variant='normal', weight=700, stretch='normal', size='scalable')) = 11.335
2025-12-09 15:46:51,030-matplotlib.font_manager-DEBUG:findfont: score(FontEntry(fname='/home/codespace/.local/lib/python3.12/site-packages/matplotlib/mpl-data/fonts/ttf/DejaVuSansMono.ttf', name='DejaVu Sans Mono', style='normal', variant='normal', weight=400, stretch='normal', size='scalable')) = 10.05
2025-12-09 15:46:51,030-matplotlib.font_manager-DEBUG:findfont: score(FontEntry(fname='/home/codespace/.local/lib/python3.12/site-packages/matplotlib/mpl-data/fonts/ttf/cmr10.ttf', name='cmr10', style='normal', variant='normal', weight=400, stretch='normal', size='scalable')) = 10.05
2025-12-09 15:46:51,030-matplotlib.font_manager-DEBUG:findfont: score(FontEntry(fname='/home/codespace/.local/lib/python3.12/site-packages/matplotlib/mpl-data/fonts/ttf/STIXSizOneSymReg.ttf', name='STIXSizeOneSym', style='normal', variant='normal', weight=400, stretch='normal', size='scalable')) = 10.05
2025-12-09 15:46:51,030-matplotlib.font_manager-DEBUG:findfont: score(FontEntry(fname='/home/codespace/.local/lib/python3.12/site-packages/matplotlib/mpl-data/fonts/ttf/STIXSizFiveSymReg.ttf', name='STIXSizeFiveSym', style='normal', variant='normal', weight=400, stretch='normal', size='scalable')) = 10.05
2025-12-09 15:46:51,030-matplotlib.font_manager-DEBUG:findfont: score(FontEntry(fname='/home/codespace/.local/lib/python3.12/site-packages/matplotlib/mpl-data/fonts/ttf/STIXSizFourSymBol.ttf', name='STIXSizeFourSym', style='normal', variant='normal', weight=700, stretch='normal', size='scalable')) = 10.335
2025-12-09 15:46:51,030-matplotlib.font_manager-DEBUG:findfont: score(FontEntry(fname='/home/codespace/.local/lib/python3.12/site-packages/matplotlib/mpl-data/fonts/ttf/STIXNonUni.ttf', name='STIXNonUnicode', style='normal', variant='normal', weight=400, stretch='normal', size='scalable')) = 10.05
2025-12-09 15:46:51,030-matplotlib.font_manager-DEBUG:findfont: score(FontEntry(fname='/home/codespace/.local/lib/python3.12/site-packages/matplotlib/mpl-data/fonts/ttf/DejaVuSerifDisplay.ttf', name='DejaVu Serif Display', style='normal', variant='normal', weight=400, stretch='normal', size='scalable')) = 10.05
2025-12-09 15:46:51,030-matplotlib.font_manager-DEBUG:findfont: score(FontEntry(fname='/home/codespace/.local/lib/python3.12/site-packages/matplotlib/mpl-data/fonts/ttf/DejaVuSans-Bold.ttf', name='DejaVu Sans', style='normal', variant='normal', weight=700, stretch='normal', size='scalable')) = 0.33499999999999996
2025-12-09 15:46:51,030-matplotlib.font_manager-DEBUG:findfont: score(FontEntry(fname='/home/codespace/.local/lib/python3.12/site-packages/matplotlib/mpl-data/fonts/ttf/STIXGeneralItalic.ttf', name='STIXGeneral', style='italic', variant='normal', weight=400, stretch='normal', size='scalable')) = 11.05
2025-12-09 15:46:51,031-matplotlib.font_manager-DEBUG:findfont: score(FontEntry(fname='/home/codespace/.local/lib/python3.12/site-packages/matplotlib/mpl-data/fonts/ttf/STIXNonUniIta.ttf', name='STIXNonUnicode', style='italic', variant='normal', weight=400, stretch='normal', size='scalable')) = 11.05
2025-12-09 15:46:51,031-matplotlib.font_manager-DEBUG:findfont: score(FontEntry(fname='/home/codespace/.local/lib/python3.12/site-packages/matplotlib/mpl-data/fonts/ttf/DejaVuSerif-Italic.ttf', name='DejaVu Serif', style='italic', variant='normal', weight=400, stretch='normal', size='scalable')) = 11.05
2025-12-09 15:46:51,031-matplotlib.font_manager-DEBUG:findfont: score(FontEntry(fname='/home/codespace/.local/lib/python3.12/site-packages/matplotlib/mpl-data/fonts/ttf/STIXGeneralBolIta.ttf', name='STIXGeneral', style='italic', variant='normal', weight=700, stretch='normal', size='scalable')) = 11.335
2025-12-09 15:46:51,031-matplotlib.font_manager-DEBUG:findfont: score(FontEntry(fname='/home/codespace/.local/lib/python3.12/site-packages/matplotlib/mpl-data/fonts/ttf/cmb10.ttf', name='cmb10', style='normal', variant='normal', weight=400, stretch='normal', size='scalable')) = 10.05
2025-12-09 15:46:51,031-matplotlib.font_manager-DEBUG:findfont: score(FontEntry(fname='/home/codespace/.local/lib/python3.12/site-packages/matplotlib/mpl-data/fonts/ttf/STIXNonUniBolIta.ttf', name='STIXNonUnicode', style='italic', variant='normal', weight=700, stretch='normal', size='scalable')) = 11.335
2025-12-09 15:46:51,031-matplotlib.font_manager-DEBUG:findfont: score(FontEntry(fname='/home/codespace/.local/lib/python3.12/site-packages/matplotlib/mpl-data/fonts/ttf/DejaVuSansMono-Bold.ttf', name='DejaVu Sans Mono', style='normal', variant='normal', weight=700, stretch='normal', size='scalable')) = 10.335
2025-12-09 15:46:51,031-matplotlib.font_manager-DEBUG:findfont: score(FontEntry(fname='/home/codespace/.local/lib/python3.12/site-packages/matplotlib/mpl-data/fonts/ttf/STIXSizThreeSymReg.ttf', name='STIXSizeThreeSym', style='normal', variant='normal', weight=400, stretch='normal', size='scalable')) = 10.05
2025-12-09 15:46:51,031-matplotlib.font_manager-DEBUG:findfont: score(FontEntry(fname='/home/codespace/.local/lib/python3.12/site-packages/matplotlib/mpl-data/fonts/ttf/cmmi10.ttf', name='cmmi10', style='normal', variant='normal', weight=400, stretch='normal', size='scalable')) = 10.05
2025-12-09 15:46:51,031-matplotlib.font_manager-DEBUG:findfont: score(FontEntry(fname='/home/codespace/.local/lib/python3.12/site-packages/matplotlib/mpl-data/fonts/ttf/STIXGeneral.ttf', name='STIXGeneral', style='normal', variant='normal', weight=400, stretch='normal', size='scalable')) = 10.05
2025-12-09 15:46:51,031-matplotlib.font_manager-DEBUG:findfont: score(FontEntry(fname='/home/codespace/.local/lib/python3.12/site-packages/matplotlib/mpl-data/fonts/ttf/DejaVuSerif-Bold.ttf', name='DejaVu Serif', style='normal', variant='normal', weight=700, stretch='normal', size='scalable')) = 10.335
2025-12-09 15:46:51,031-matplotlib.font_manager-DEBUG:findfont: score(FontEntry(fname='/home/codespace/.local/lib/python3.12/site-packages/matplotlib/mpl-data/fonts/ttf/STIXSizTwoSymBol.ttf', name='STIXSizeTwoSym', style='normal', variant='normal', weight=700, stretch='normal', size='scalable')) = 10.335
2025-12-09 15:46:51,031-matplotlib.font_manager-DEBUG:findfont: score(FontEntry(fname='/home/codespace/.local/lib/python3.12/site-packages/matplotlib/mpl-data/fonts/ttf/DejaVuSerif.ttf', name='DejaVu Serif', style='normal', variant='normal', weight=400, stretch='normal', size='scalable')) = 10.05
2025-12-09 15:46:51,031-matplotlib.font_manager-DEBUG:findfont: score(FontEntry(fname='/home/codespace/.local/lib/python3.12/site-packages/matplotlib/mpl-data/fonts/ttf/STIXSizThreeSymBol.ttf', name='STIXSizeThreeSym', style='normal', variant='normal', weight=700, stretch='normal', size='scalable')) = 10.335
2025-12-09 15:46:51,031-matplotlib.font_manager-DEBUG:findfont: score(FontEntry(fname='/home/codespace/.local/lib/python3.12/site-packages/matplotlib/mpl-data/fonts/ttf/cmsy10.ttf', name='cmsy10', style='normal', variant='normal', weight=400, stretch='normal', size='scalable')) = 10.05
2025-12-09 15:46:51,031-matplotlib.font_manager-DEBUG:findfont: score(FontEntry(fname='/home/codespace/.local/lib/python3.12/site-packages/matplotlib/mpl-data/fonts/ttf/DejaVuSansMono-BoldOblique.ttf', name='DejaVu Sans Mono', style='oblique', variant='normal', weight=700, stretch='normal', size='scalable')) = 11.335
2025-12-09 15:46:51,031-matplotlib.font_manager-DEBUG:findfont: score(FontEntry(fname='/home/codespace/.local/lib/python3.12/site-packages/matplotlib/mpl-data/fonts/ttf/DejaVuSansDisplay.ttf', name='DejaVu Sans Display', style='normal', variant='normal', weight=400, stretch='normal', size='scalable')) = 10.05
2025-12-09 15:46:51,032-matplotlib.font_manager-DEBUG:findfont: score(FontEntry(fname='/home/codespace/.local/lib/python3.12/site-packages/matplotlib/mpl-data/fonts/ttf/DejaVuSans-Oblique.ttf', name='DejaVu Sans', style='oblique', variant='normal', weight=400, stretch='normal', size='scalable')) = 1.05
2025-12-09 15:46:51,032-matplotlib.font_manager-DEBUG:findfont: score(FontEntry(fname='/home/codespace/.local/lib/python3.12/site-packages/matplotlib/mpl-data/fonts/ttf/STIXGeneralBol.ttf', name='STIXGeneral', style='normal', variant='normal', weight=700, stretch='normal', size='scalable')) = 10.335
2025-12-09 15:46:51,032-matplotlib.font_manager-DEBUG:findfont: score(FontEntry(fname='/home/codespace/.local/lib/python3.12/site-packages/matplotlib/mpl-data/fonts/ttf/DejaVuSans.ttf', name='DejaVu Sans', style='normal', variant='normal', weight=400, stretch='normal', size='scalable')) = 0.05
2025-12-09 15:46:51,032-matplotlib.font_manager-DEBUG:findfont: score(FontEntry(fname='/home/codespace/.local/lib/python3.12/site-packages/matplotlib/mpl-data/fonts/ttf/STIXSizFourSymReg.ttf', name='STIXSizeFourSym', style='normal', variant='normal', weight=400, stretch='normal', size='scalable')) = 10.05
2025-12-09 15:46:51,032-matplotlib.font_manager-DEBUG:findfont: score(FontEntry(fname='/home/codespace/.local/lib/python3.12/site-packages/matplotlib/mpl-data/fonts/ttf/cmss10.ttf', name='cmss10', style='normal', variant='normal', weight=400, stretch='normal', size='scalable')) = 10.05
2025-12-09 15:46:51,032-matplotlib.font_manager-DEBUG:findfont: score(FontEntry(fname='/home/codespace/.local/lib/python3.12/site-packages/matplotlib/mpl-data/fonts/ttf/cmtt10.ttf', name='cmtt10', style='normal', variant='normal', weight=400, stretch='normal', size='scalable')) = 10.05
2025-12-09 15:46:51,032-matplotlib.font_manager-DEBUG:findfont: score(FontEntry(fname='/home/codespace/.local/lib/python3.12/site-packages/matplotlib/mpl-data/fonts/ttf/STIXSizTwoSymReg.ttf', name='STIXSizeTwoSym', style='normal', variant='normal', weight=400, stretch='normal', size='scalable')) = 10.05
2025-12-09 15:46:51,032-matplotlib.font_manager-DEBUG:findfont: score(FontEntry(fname='/home/codespace/.local/lib/python3.12/site-packages/matplotlib/mpl-data/fonts/ttf/STIXNonUniBol.ttf', name='STIXNonUnicode', style='normal', variant='normal', weight=700, stretch='normal', size='scalable')) = 10.335
2025-12-09 15:46:51,032-matplotlib.font_manager-DEBUG:findfont: score(FontEntry(fname='/home/codespace/.local/lib/python3.12/site-packages/matplotlib/mpl-data/fonts/ttf/STIXSizOneSymBol.ttf', name='STIXSizeOneSym', style='normal', variant='normal', weight=700, stretch='normal', size='scalable')) = 10.335
2025-12-09 15:46:51,032-matplotlib.font_manager-DEBUG:findfont: score(FontEntry(fname='/home/codespace/.local/lib/python3.12/site-packages/matplotlib/mpl-data/fonts/ttf/DejaVuSans-BoldOblique.ttf', name='DejaVu Sans', style='oblique', variant='normal', weight=700, stretch='normal', size='scalable')) = 1.335
2025-12-09 15:46:51,032-matplotlib.font_manager-DEBUG:findfont: score(FontEntry(fname='/usr/share/fonts/truetype/dejavu/DejaVuSansMono-BoldOblique.ttf', name='DejaVu Sans Mono', style='oblique', variant='normal', weight=700, stretch='normal', size='scalable')) = 11.335
2025-12-09 15:46:51,032-matplotlib.font_manager-DEBUG:findfont: score(FontEntry(fname='/usr/share/fonts/truetype/dejavu/DejaVuSans-Bold.ttf', name='DejaVu Sans', style='normal', variant='normal', weight=700, stretch='normal', size='scalable')) = 0.33499999999999996
2025-12-09 15:46:51,032-matplotlib.font_manager-DEBUG:findfont: score(FontEntry(fname='/usr/share/fonts/truetype/dejavu/DejaVuSansMono-Bold.ttf', name='DejaVu Sans Mono', style='normal', variant='normal', weight=700, stretch='normal', size='scalable')) = 10.335
2025-12-09 15:46:51,032-matplotlib.font_manager-DEBUG:findfont: score(FontEntry(fname='/usr/share/fonts/truetype/dejavu/DejaVuSans.ttf', name='DejaVu Sans', style='normal', variant='normal', weight=400, stretch='normal', size='scalable')) = 0.05
2025-12-09 15:46:51,032-matplotlib.font_manager-DEBUG:findfont: score(FontEntry(fname='/usr/share/fonts/truetype/dejavu/DejaVuSerif-Bold.ttf', name='DejaVu Serif', style='normal', variant='normal', weight=700, stretch='normal', size='scalable')) = 10.335
2025-12-09 15:46:51,033-matplotlib.font_manager-DEBUG:findfont: score(FontEntry(fname='/usr/share/fonts/truetype/dejavu/DejaVuSansMono-Oblique.ttf', name='DejaVu Sans Mono', style='oblique', variant='normal', weight=400, stretch='normal', size='scalable')) = 11.05
2025-12-09 15:46:51,033-matplotlib.font_manager-DEBUG:findfont: score(FontEntry(fname='/usr/share/fonts/truetype/dejavu/DejaVuSansMono.ttf', name='DejaVu Sans Mono', style='normal', variant='normal', weight=400, stretch='normal', size='scalable')) = 10.05
2025-12-09 15:46:51,033-matplotlib.font_manager-DEBUG:findfont: score(FontEntry(fname='/usr/share/fonts/truetype/dejavu/DejaVuSerif.ttf', name='DejaVu Serif', style='normal', variant='normal', weight=400, stretch='normal', size='scalable')) = 10.05
2025-12-09 15:46:51,033-matplotlib.font_manager-DEBUG:findfont: Matching sans\-serif:style=normal:variant=normal:weight=normal:stretch=normal:size=10.0 to DejaVu Sans ('/home/codespace/.local/lib/python3.12/site-packages/matplotlib/mpl-data/fonts/ttf/DejaVuSans.ttf') with score of 0.050000.
2025-12-09 15:46:51,039-matplotlib.category-INFO:Using categorical units to plot a list of strings that are all parsable as floats or dates. If these strings should be plotted as numbers, cast to the appropriate data type before plotting.
2025-12-09 15:46:51,041-matplotlib.category-INFO:Using categorical units to plot a list of strings that are all parsable as floats or dates. If these strings should be plotted as numbers, cast to the appropriate data type before plotting.
2025-12-09 15:46:51,044-matplotlib.category-INFO:Using categorical units to plot a list of strings that are all parsable as floats or dates. If these strings should be plotted as numbers, cast to the appropriate data type before plotting.
2025-12-09 15:46:51,046-matplotlib.category-INFO:Using categorical units to plot a list of strings that are all parsable as floats or dates. If these strings should be plotted as numbers, cast to the appropriate data type before plotting.
2025-12-09 15:46:51,048-matplotlib.category-INFO:Using categorical units to plot a list of strings that are all parsable as floats or dates. If these strings should be plotted as numbers, cast to the appropriate data type before plotting.
2025-12-09 15:46:51,050-matplotlib.category-INFO:Using categorical units to plot a list of strings that are all parsable as floats or dates. If these strings should be plotted as numbers, cast to the appropriate data type before plotting.
2025-12-09 15:46:51,053-matplotlib.category-INFO:Using categorical units to plot a list of strings that are all parsable as floats or dates. If these strings should be plotted as numbers, cast to the appropriate data type before plotting.
2025-12-09 15:46:51,055-matplotlib.category-INFO:Using categorical units to plot a list of strings that are all parsable as floats or dates. If these strings should be plotted as numbers, cast to the appropriate data type before plotting.
2025-12-09 15:46:51,057-matplotlib.category-INFO:Using categorical units to plot a list of strings that are all parsable as floats or dates. If these strings should be plotted as numbers, cast to the appropriate data type before plotting.
2025-12-09 15:46:51,059-matplotlib.category-INFO:Using categorical units to plot a list of strings that are all parsable as floats or dates. If these strings should be plotted as numbers, cast to the appropriate data type before plotting.
2025-12-09 15:46:51,082-matplotlib.font_manager-DEBUG:findfont: Matching sans\-serif:style=normal:variant=normal:weight=normal:stretch=normal:size=12.0.
2025-12-09 15:46:51,082-matplotlib.font_manager-DEBUG:findfont: score(FontEntry(fname='/home/codespace/.local/lib/python3.12/site-packages/matplotlib/mpl-data/fonts/ttf/cmex10.ttf', name='cmex10', style='normal', variant='normal', weight=400, stretch='normal', size='scalable')) = 10.05
2025-12-09 15:46:51,082-matplotlib.font_manager-DEBUG:findfont: score(FontEntry(fname='/home/codespace/.local/lib/python3.12/site-packages/matplotlib/mpl-data/fonts/ttf/DejaVuSansMono-Oblique.ttf', name='DejaVu Sans Mono', style='oblique', variant='normal', weight=400, stretch='normal', size='scalable')) = 11.05
2025-12-09 15:46:51,082-matplotlib.font_manager-DEBUG:findfont: score(FontEntry(fname='/home/codespace/.local/lib/python3.12/site-packages/matplotlib/mpl-data/fonts/ttf/DejaVuSerif-BoldItalic.ttf', name='DejaVu Serif', style='italic', variant='normal', weight=700, stretch='normal', size='scalable')) = 11.335
2025-12-09 15:46:51,082-matplotlib.font_manager-DEBUG:findfont: score(FontEntry(fname='/home/codespace/.local/lib/python3.12/site-packages/matplotlib/mpl-data/fonts/ttf/DejaVuSansMono.ttf', name='DejaVu Sans Mono', style='normal', variant='normal', weight=400, stretch='normal', size='scalable')) = 10.05
2025-12-09 15:46:51,082-matplotlib.font_manager-DEBUG:findfont: score(FontEntry(fname='/home/codespace/.local/lib/python3.12/site-packages/matplotlib/mpl-data/fonts/ttf/cmr10.ttf', name='cmr10', style='normal', variant='normal', weight=400, stretch='normal', size='scalable')) = 10.05
2025-12-09 15:46:51,082-matplotlib.font_manager-DEBUG:findfont: score(FontEntry(fname='/home/codespace/.local/lib/python3.12/site-packages/matplotlib/mpl-data/fonts/ttf/STIXSizOneSymReg.ttf', name='STIXSizeOneSym', style='normal', variant='normal', weight=400, stretch='normal', size='scalable')) = 10.05
2025-12-09 15:46:51,082-matplotlib.font_manager-DEBUG:findfont: score(FontEntry(fname='/home/codespace/.local/lib/python3.12/site-packages/matplotlib/mpl-data/fonts/ttf/STIXSizFiveSymReg.ttf', name='STIXSizeFiveSym', style='normal', variant='normal', weight=400, stretch='normal', size='scalable')) = 10.05
2025-12-09 15:46:51,082-matplotlib.font_manager-DEBUG:findfont: score(FontEntry(fname='/home/codespace/.local/lib/python3.12/site-packages/matplotlib/mpl-data/fonts/ttf/STIXSizFourSymBol.ttf', name='STIXSizeFourSym', style='normal', variant='normal', weight=700, stretch='normal', size='scalable')) = 10.335
2025-12-09 15:46:51,082-matplotlib.font_manager-DEBUG:findfont: score(FontEntry(fname='/home/codespace/.local/lib/python3.12/site-packages/matplotlib/mpl-data/fonts/ttf/STIXNonUni.ttf', name='STIXNonUnicode', style='normal', variant='normal', weight=400, stretch='normal', size='scalable')) = 10.05
2025-12-09 15:46:51,082-matplotlib.font_manager-DEBUG:findfont: score(FontEntry(fname='/home/codespace/.local/lib/python3.12/site-packages/matplotlib/mpl-data/fonts/ttf/DejaVuSerifDisplay.ttf', name='DejaVu Serif Display', style='normal', variant='normal', weight=400, stretch='normal', size='scalable')) = 10.05
2025-12-09 15:46:51,082-matplotlib.font_manager-DEBUG:findfont: score(FontEntry(fname='/home/codespace/.local/lib/python3.12/site-packages/matplotlib/mpl-data/fonts/ttf/DejaVuSans-Bold.ttf', name='DejaVu Sans', style='normal', variant='normal', weight=700, stretch='normal', size='scalable')) = 0.33499999999999996
2025-12-09 15:46:51,082-matplotlib.font_manager-DEBUG:findfont: score(FontEntry(fname='/home/codespace/.local/lib/python3.12/site-packages/matplotlib/mpl-data/fonts/ttf/STIXGeneralItalic.ttf', name='STIXGeneral', style='italic', variant='normal', weight=400, stretch='normal', size='scalable')) = 11.05
2025-12-09 15:46:51,082-matplotlib.font_manager-DEBUG:findfont: score(FontEntry(fname='/home/codespace/.local/lib/python3.12/site-packages/matplotlib/mpl-data/fonts/ttf/STIXNonUniIta.ttf', name='STIXNonUnicode', style='italic', variant='normal', weight=400, stretch='normal', size='scalable')) = 11.05
2025-12-09 15:46:51,083-matplotlib.font_manager-DEBUG:findfont: score(FontEntry(fname='/home/codespace/.local/lib/python3.12/site-packages/matplotlib/mpl-data/fonts/ttf/DejaVuSerif-Italic.ttf', name='DejaVu Serif', style='italic', variant='normal', weight=400, stretch='normal', size='scalable')) = 11.05
2025-12-09 15:46:51,083-matplotlib.font_manager-DEBUG:findfont: score(FontEntry(fname='/home/codespace/.local/lib/python3.12/site-packages/matplotlib/mpl-data/fonts/ttf/STIXGeneralBolIta.ttf', name='STIXGeneral', style='italic', variant='normal', weight=700, stretch='normal', size='scalable')) = 11.335
2025-12-09 15:46:51,083-matplotlib.font_manager-DEBUG:findfont: score(FontEntry(fname='/home/codespace/.local/lib/python3.12/site-packages/matplotlib/mpl-data/fonts/ttf/cmb10.ttf', name='cmb10', style='normal', variant='normal', weight=400, stretch='normal', size='scalable')) = 10.05
2025-12-09 15:46:51,083-matplotlib.font_manager-DEBUG:findfont: score(FontEntry(fname='/home/codespace/.local/lib/python3.12/site-packages/matplotlib/mpl-data/fonts/ttf/STIXNonUniBolIta.ttf', name='STIXNonUnicode', style='italic', variant='normal', weight=700, stretch='normal', size='scalable')) = 11.335
2025-12-09 15:46:51,083-matplotlib.font_manager-DEBUG:findfont: score(FontEntry(fname='/home/codespace/.local/lib/python3.12/site-packages/matplotlib/mpl-data/fonts/ttf/DejaVuSansMono-Bold.ttf', name='DejaVu Sans Mono', style='normal', variant='normal', weight=700, stretch='normal', size='scalable')) = 10.335
2025-12-09 15:46:51,083-matplotlib.font_manager-DEBUG:findfont: score(FontEntry(fname='/home/codespace/.local/lib/python3.12/site-packages/matplotlib/mpl-data/fonts/ttf/STIXSizThreeSymReg.ttf', name='STIXSizeThreeSym', style='normal', variant='normal', weight=400, stretch='normal', size='scalable')) = 10.05
2025-12-09 15:46:51,083-matplotlib.font_manager-DEBUG:findfont: score(FontEntry(fname='/home/codespace/.local/lib/python3.12/site-packages/matplotlib/mpl-data/fonts/ttf/cmmi10.ttf', name='cmmi10', style='normal', variant='normal', weight=400, stretch='normal', size='scalable')) = 10.05
2025-12-09 15:46:51,083-matplotlib.font_manager-DEBUG:findfont: score(FontEntry(fname='/home/codespace/.local/lib/python3.12/site-packages/matplotlib/mpl-data/fonts/ttf/STIXGeneral.ttf', name='STIXGeneral', style='normal', variant='normal', weight=400, stretch='normal', size='scalable')) = 10.05
2025-12-09 15:46:51,083-matplotlib.font_manager-DEBUG:findfont: score(FontEntry(fname='/home/codespace/.local/lib/python3.12/site-packages/matplotlib/mpl-data/fonts/ttf/DejaVuSerif-Bold.ttf', name='DejaVu Serif', style='normal', variant='normal', weight=700, stretch='normal', size='scalable')) = 10.335
2025-12-09 15:46:51,083-matplotlib.font_manager-DEBUG:findfont: score(FontEntry(fname='/home/codespace/.local/lib/python3.12/site-packages/matplotlib/mpl-data/fonts/ttf/STIXSizTwoSymBol.ttf', name='STIXSizeTwoSym', style='normal', variant='normal', weight=700, stretch='normal', size='scalable')) = 10.335
2025-12-09 15:46:51,083-matplotlib.font_manager-DEBUG:findfont: score(FontEntry(fname='/home/codespace/.local/lib/python3.12/site-packages/matplotlib/mpl-data/fonts/ttf/DejaVuSerif.ttf', name='DejaVu Serif', style='normal', variant='normal', weight=400, stretch='normal', size='scalable')) = 10.05
2025-12-09 15:46:51,083-matplotlib.font_manager-DEBUG:findfont: score(FontEntry(fname='/home/codespace/.local/lib/python3.12/site-packages/matplotlib/mpl-data/fonts/ttf/STIXSizThreeSymBol.ttf', name='STIXSizeThreeSym', style='normal', variant='normal', weight=700, stretch='normal', size='scalable')) = 10.335
2025-12-09 15:46:51,083-matplotlib.font_manager-DEBUG:findfont: score(FontEntry(fname='/home/codespace/.local/lib/python3.12/site-packages/matplotlib/mpl-data/fonts/ttf/cmsy10.ttf', name='cmsy10', style='normal', variant='normal', weight=400, stretch='normal', size='scalable')) = 10.05
2025-12-09 15:46:51,083-matplotlib.font_manager-DEBUG:findfont: score(FontEntry(fname='/home/codespace/.local/lib/python3.12/site-packages/matplotlib/mpl-data/fonts/ttf/DejaVuSansMono-BoldOblique.ttf', name='DejaVu Sans Mono', style='oblique', variant='normal', weight=700, stretch='normal', size='scalable')) = 11.335
2025-12-09 15:46:51,083-matplotlib.font_manager-DEBUG:findfont: score(FontEntry(fname='/home/codespace/.local/lib/python3.12/site-packages/matplotlib/mpl-data/fonts/ttf/DejaVuSansDisplay.ttf', name='DejaVu Sans Display', style='normal', variant='normal', weight=400, stretch='normal', size='scalable')) = 10.05
2025-12-09 15:46:51,084-matplotlib.font_manager-DEBUG:findfont: score(FontEntry(fname='/home/codespace/.local/lib/python3.12/site-packages/matplotlib/mpl-data/fonts/ttf/DejaVuSans-Oblique.ttf', name='DejaVu Sans', style='oblique', variant='normal', weight=400, stretch='normal', size='scalable')) = 1.05
2025-12-09 15:46:51,084-matplotlib.font_manager-DEBUG:findfont: score(FontEntry(fname='/home/codespace/.local/lib/python3.12/site-packages/matplotlib/mpl-data/fonts/ttf/STIXGeneralBol.ttf', name='STIXGeneral', style='normal', variant='normal', weight=700, stretch='normal', size='scalable')) = 10.335
2025-12-09 15:46:51,084-matplotlib.font_manager-DEBUG:findfont: score(FontEntry(fname='/home/codespace/.local/lib/python3.12/site-packages/matplotlib/mpl-data/fonts/ttf/DejaVuSans.ttf', name='DejaVu Sans', style='normal', variant='normal', weight=400, stretch='normal', size='scalable')) = 0.05
2025-12-09 15:46:51,084-matplotlib.font_manager-DEBUG:findfont: score(FontEntry(fname='/home/codespace/.local/lib/python3.12/site-packages/matplotlib/mpl-data/fonts/ttf/STIXSizFourSymReg.ttf', name='STIXSizeFourSym', style='normal', variant='normal', weight=400, stretch='normal', size='scalable')) = 10.05
2025-12-09 15:46:51,084-matplotlib.font_manager-DEBUG:findfont: score(FontEntry(fname='/home/codespace/.local/lib/python3.12/site-packages/matplotlib/mpl-data/fonts/ttf/cmss10.ttf', name='cmss10', style='normal', variant='normal', weight=400, stretch='normal', size='scalable')) = 10.05
2025-12-09 15:46:51,084-matplotlib.font_manager-DEBUG:findfont: score(FontEntry(fname='/home/codespace/.local/lib/python3.12/site-packages/matplotlib/mpl-data/fonts/ttf/cmtt10.ttf', name='cmtt10', style='normal', variant='normal', weight=400, stretch='normal', size='scalable')) = 10.05
2025-12-09 15:46:51,084-matplotlib.font_manager-DEBUG:findfont: score(FontEntry(fname='/home/codespace/.local/lib/python3.12/site-packages/matplotlib/mpl-data/fonts/ttf/STIXSizTwoSymReg.ttf', name='STIXSizeTwoSym', style='normal', variant='normal', weight=400, stretch='normal', size='scalable')) = 10.05
2025-12-09 15:46:51,084-matplotlib.font_manager-DEBUG:findfont: score(FontEntry(fname='/home/codespace/.local/lib/python3.12/site-packages/matplotlib/mpl-data/fonts/ttf/STIXNonUniBol.ttf', name='STIXNonUnicode', style='normal', variant='normal', weight=700, stretch='normal', size='scalable')) = 10.335
2025-12-09 15:46:51,084-matplotlib.font_manager-DEBUG:findfont: score(FontEntry(fname='/home/codespace/.local/lib/python3.12/site-packages/matplotlib/mpl-data/fonts/ttf/STIXSizOneSymBol.ttf', name='STIXSizeOneSym', style='normal', variant='normal', weight=700, stretch='normal', size='scalable')) = 10.335
2025-12-09 15:46:51,084-matplotlib.font_manager-DEBUG:findfont: score(FontEntry(fname='/home/codespace/.local/lib/python3.12/site-packages/matplotlib/mpl-data/fonts/ttf/DejaVuSans-BoldOblique.ttf', name='DejaVu Sans', style='oblique', variant='normal', weight=700, stretch='normal', size='scalable')) = 1.335
2025-12-09 15:46:51,084-matplotlib.font_manager-DEBUG:findfont: score(FontEntry(fname='/usr/share/fonts/truetype/dejavu/DejaVuSansMono-BoldOblique.ttf', name='DejaVu Sans Mono', style='oblique', variant='normal', weight=700, stretch='normal', size='scalable')) = 11.335
2025-12-09 15:46:51,084-matplotlib.font_manager-DEBUG:findfont: score(FontEntry(fname='/usr/share/fonts/truetype/dejavu/DejaVuSans-Bold.ttf', name='DejaVu Sans', style='normal', variant='normal', weight=700, stretch='normal', size='scalable')) = 0.33499999999999996
2025-12-09 15:46:51,084-matplotlib.font_manager-DEBUG:findfont: score(FontEntry(fname='/usr/share/fonts/truetype/dejavu/DejaVuSansMono-Bold.ttf', name='DejaVu Sans Mono', style='normal', variant='normal', weight=700, stretch='normal', size='scalable')) = 10.335
2025-12-09 15:46:51,084-matplotlib.font_manager-DEBUG:findfont: score(FontEntry(fname='/usr/share/fonts/truetype/dejavu/DejaVuSans.ttf', name='DejaVu Sans', style='normal', variant='normal', weight=400, stretch='normal', size='scalable')) = 0.05
2025-12-09 15:46:51,084-matplotlib.font_manager-DEBUG:findfont: score(FontEntry(fname='/usr/share/fonts/truetype/dejavu/DejaVuSerif-Bold.ttf', name='DejaVu Serif', style='normal', variant='normal', weight=700, stretch='normal', size='scalable')) = 10.335
2025-12-09 15:46:51,085-matplotlib.font_manager-DEBUG:findfont: score(FontEntry(fname='/usr/share/fonts/truetype/dejavu/DejaVuSansMono-Oblique.ttf', name='DejaVu Sans Mono', style='oblique', variant='normal', weight=400, stretch='normal', size='scalable')) = 11.05
2025-12-09 15:46:51,085-matplotlib.font_manager-DEBUG:findfont: score(FontEntry(fname='/usr/share/fonts/truetype/dejavu/DejaVuSansMono.ttf', name='DejaVu Sans Mono', style='normal', variant='normal', weight=400, stretch='normal', size='scalable')) = 10.05
2025-12-09 15:46:51,085-matplotlib.font_manager-DEBUG:findfont: score(FontEntry(fname='/usr/share/fonts/truetype/dejavu/DejaVuSerif.ttf', name='DejaVu Serif', style='normal', variant='normal', weight=400, stretch='normal', size='scalable')) = 10.05
2025-12-09 15:46:51,085-matplotlib.font_manager-DEBUG:findfont: Matching sans\-serif:style=normal:variant=normal:weight=normal:stretch=normal:size=12.0 to DejaVu Sans ('/home/codespace/.local/lib/python3.12/site-packages/matplotlib/mpl-data/fonts/ttf/DejaVuSans.ttf') with score of 0.050000.
2025-12-09 15:46:51,093-app_logger-DEBUG:Plot generated from CSV file.
2025-12-09 15:46:51,462-app_logger-DEBUG:Plot saved to file ./data/plots/20251209-154651.png
2025-12-09 15:51:29,425-app_logger-DEBUG:Starting FAANG data retrieval process for META, AAPL, AMZN, NFLX, GOOG with interval '1h' over period '5d'.
2025-12-09 15:51:30,250-app_logger-DEBUG:yFinance Data extraction successful.
2025-12-09 15:51:30,257-app_logger-DEBUG:yFinance CSV File 20251209-155130.csv generated in Staging folder.
2025-12-09 15:51:30,258-app_logger-DEBUG:Archived: 20251209-154651.csv to ./data/archive/20251209-154651.csv
2025-12-09 15:51:30,258-app_logger-DEBUG:yFinance CSV File 20251209-155130.csv moved to data folder.
2025-12-09 15:51:30,258-app_logger-DEBUG:FAANG data retrieval process completed.
2025-12-09 15:51:30,266-app_logger-DEBUG:Successfully read the CSV file ./data/20251209-155130.csv
2025-12-09 15:51:30,391-app_logger-DEBUG:Plot generated from CSV file.
2025-12-09 15:51:30,747-app_logger-DEBUG:Plot saved to file ./data/plots/20251209-155130.png
2025-12-09 16:05:43,156-app_logger-DEBUG:Starting FAANG data retrieval process for META, AAPL, AMZN, NFLX, GOOG with interval '1h' over period '5d'.
2025-12-09 16:05:43,763-app_logger-DEBUG:yFinance Data extraction successful.
2025-12-09 16:05:43,766-app_logger-DEBUG:yFinance CSV File 20251209-160543.csv generated in Staging folder.
2025-12-09 16:05:43,767-app_logger-DEBUG:Archived: 20251209-155130.csv to ./data/archive/20251209-155130.csv
2025-12-09 16:05:43,767-app_logger-DEBUG:yFinance CSV File 20251209-160543.csv moved to data folder.
2025-12-09 16:05:43,767-app_logger-DEBUG:FAANG data retrieval process completed.
2025-12-09 16:05:43,770-app_logger-DEBUG:Successfully read the CSV file ./data/20251209-160543.csv
2025-12-09 16:05:43,844-app_logger-DEBUG:Plot generated from CSV file.
2025-12-09 16:05:44,157-app_logger-INFO:Plot saved to file ./data/plots/20251209-160543.png
2025-12-09 16:59:11,864-app_logger-DEBUG:Starting FAANG data retrieval process for META, AAPL, AMZN, NFLX, GOOG with interval '1h' over period '5d'.
2025-12-09 16:59:12,415-app_logger-DEBUG:yFinance Data extraction successful.
2025-12-09 16:59:12,435-app_logger-DEBUG:yFinance CSV File 20251209-165912.csv generated in Staging folder.
2025-12-09 16:59:12,435-app_logger-DEBUG:Archived: 20251209-160543.csv to ./data/archive/20251209-160543.csv
2025-12-09 16:59:12,435-app_logger-DEBUG:yFinance CSV File 20251209-165912.csv moved to data folder.
2025-12-09 16:59:12,435-app_logger-DEBUG:FAANG data retrieval process completed.
2025-12-09 16:59:12,441-app_logger-DEBUG:Successfully read the CSV file ./data/20251209-165912.csv
2025-12-09 16:59:12,980-app_logger-DEBUG:Plot generated from CSV file.
2025-12-09 16:59:13,311-app_logger-INFO:Plot saved to file ./data/plots/20251209-165912.png
2025-12-09 17:15:19,991-app_logger-DEBUG:Starting FAANG data retrieval process for META, AAPL, AMZN, NFLX, GOOG with interval '1h' over period '5d'.
2025-12-09 17:15:20,393-app_logger-DEBUG:yFinance Data extraction successful.
2025-12-09 17:15:20,397-app_logger-DEBUG:yFinance CSV File 20251209-171520.csv generated in Staging folder.
2025-12-09 17:15:20,397-app_logger-DEBUG:Archived: 20251209-165912.csv to ./data/archive/20251209-165912.csv
2025-12-09 17:15:20,397-app_logger-DEBUG:yFinance CSV File 20251209-171520.csv moved to data folder.
2025-12-09 17:15:20,397-app_logger-DEBUG:FAANG data retrieval process completed.
2025-12-09 17:15:20,400-app_logger-DEBUG:Successfully read the CSV file ./data/20251209-171520.csv
2025-12-09 17:15:20,483-app_logger-DEBUG:Plot generated from CSV file.
2025-12-09 17:15:20,856-app_logger-INFO:Plot saved to file ./data/plots/20251209-171520.png
2025-12-09 17:43:48,461-app_logger-DEBUG:Starting FAANG data retrieval process for META, AAPL, AMZN, NFLX, GOOG with interval '1h' over period '5d'.
2025-12-09 17:43:48,924-app_logger-DEBUG:yFinance Data extraction successful.
2025-12-09 17:43:48,928-app_logger-DEBUG:yFinance CSV File 20251209-174348.csv generated in Staging folder.
2025-12-09 17:43:48,929-app_logger-DEBUG:Archived: 20251209-171520.csv to ./data/archive/20251209-171520.csv
2025-12-09 17:43:48,929-app_logger-DEBUG:yFinance CSV File 20251209-174348.csv moved to data folder.
2025-12-09 17:43:48,929-app_logger-DEBUG:FAANG data retrieval process completed.
2025-12-09 17:43:48,933-app_logger-DEBUG:Successfully read the CSV file ./data/20251209-174348.csv
2025-12-09 17:43:49,004-app_logger-DEBUG:Plot generated from CSV file.
2025-12-09 17:43:49,327-app_logger-INFO:Plot saved to file ./data/plots/20251209-174348.png
